,Unnamed: 0,loan_amnt,funded_amnt,funded_amnt_inv,int_rate,installment,annual_inc,dti,delinq_2yrs,inq_last_6mths,mths_since_last_delinq,mths_since_last_record,open_acc,pub_rec,revol_bal,revol_util,total_acc,out_prncp,out_prncp_inv,total_pymnt,total_pymnt_inv,total_rec_prncp,total_rec_int,total_rec_late_fee,recoveries,collection_recovery_fee,last_pymnt_amnt,collections_12_mths_ex_med,mths_since_last_major_derog,policy_code,acc_now_delinq,tot_coll_amt,tot_cur_bal,open_acc_6m,open_act_il,open_il_12m,open_il_24m,mths_since_rcnt_il,total_bal_il,il_util,open_rv_12m,open_rv_24m,max_bal_bc,all_util,total_rev_hi_lim,inq_fi,total_cu_tl,inq_last_12m,acc_open_past_24mths,avg_cur_bal,bc_open_to_buy,bc_util,chargeoff_within_12_mths,delinq_amnt,mo_sin_old_il_acct,mo_sin_old_rev_tl_op,mo_sin_rcnt_rev_tl_op,mo_sin_rcnt_tl,mort_acc,mths_since_recent_bc,mths_since_recent_bc_dlq,mths_since_recent_inq,mths_since_recent_revol_delinq,num_accts_ever_120_pd,num_actv_bc_tl,num_actv_rev_tl,num_bc_sats,num_bc_tl,num_il_tl,num_op_rev_tl,num_rev_accts,num_rev_tl_bal_gt_0,num_sats,num_tl_120dpd_2m,num_tl_30dpd,num_tl_90g_dpd_24m,num_tl_op_past_12m,pct_tl_nvr_dlq,percent_bc_gt_75,pub_rec_bankruptcies,tax_liens,tot_hi_cred_lim,total_bal_ex_mort,total_bc_limit,total_il_high_credit_limit,loan_status_dv
Unnamed: 0,1,-0.038077508,-0.038077508,-0.038102674,-0.031938959,-0.03166948,-0.003672044,-0.041018184,0.008555038,0.032015836,-0.022406191,-0.065673406,-0.015123834,0.010759726,0.007247394,0.066497999,0.033328721,-0.258413045,-0.258395902,0.327931926,0.327933275,0.349520951,0.181853106,-0.032467335,-0.232801991,-0.224610011,0.193817437,-0.001010808,-0.031343498,,0.009707252,-0.008822764,0.021181697,-0.02019975,-0.001622228,-0.042013847,-0.020089014,0.007291297,-0.00566726,-0.014286235,-0.015305236,-0.020286799,0.004119134,0.001570772,-0.017423102,-0.040300408,-0.014421799,-0.01382786,-0.058399634,0.031735988,-0.029234604,0.067850626,0.005964934,0.005538847,0.024862204,0.047339627,0.011749458,0.023752621,0.074092128,0.01787758,-0.000475316,0.013499912,-0.015151969,-0.015188238,-0.004459137,-0.004022126,-0.013146134,0.058848659,-0.008653695,-0.01555845,0.037963122,-0.004710978,-0.015916536,0.00838182,0.003226268,0.003361125,-0.05429755,0.003908389,0.062165824,-0.00881477,0.018854228,0.015291999,-0.016539687,-0.015016222,-0.026841335,0.447919221
loan_amnt,-0.038077508,1,1,0.999995104,0.075151192,0.946257731,0.317440957,0.042926725,-0.01427495,-0.029376177,-0.000308528,0.022085143,0.179182866,-0.062963916,0.329218173,0.098272473,0.197723905,0.477964659,0.477986328,0.659203754,0.659246335,0.594819728,0.578144218,0.062007511,0.098945403,0.095449881,0.329679499,-0.020204727,0.013420489,,0.002491634,-0.023031722,0.316404949,-0.033242462,0.031786128,-0.004926371,0.018989841,-0.010400215,0.151179324,-0.084462991,-0.05069682,-0.043075811,0.381271333,0.002085148,0.355125932,-0.017486951,0.085099751,0.000375697,-0.008044799,0.231869002,0.213426811,0.045501851,-0.011100106,0.002936829,0.128315975,0.178003378,0.056938497,0.027907111,0.232894549,0.041880153,-0.027746047,0.005763835,-0.010910231,-0.060583919,0.190907095,0.148596124,0.21497543,0.194992311,0.077060824,0.16388785,0.163583938,0.147976626,0.179738318,-0.007227134,0.000193826,-0.026274912,-0.029974994,0.092008949,0.015843803,-0.089957084,0.00495604,0.344803206,0.279103505,0.37620381,0.209300034,-0.0223949
funded_amnt,-0.038077508,1,1,0.999995104,0.075151192,0.946257731,0.317440957,0.042926725,-0.01427495,-0.029376177,-0.000308528,0.022085143,0.179182866,-0.062963916,0.329218173,0.098272473,0.197723905,0.477964659,0.477986328,0.659203754,0.659246335,0.594819728,0.578144218,0.062007511,0.098945403,0.095449881,0.329679499,-0.020204727,0.013420489,,0.002491634,-0.023031722,0.316404949,-0.033242462,0.031786128,-0.004926371,0.018989841,-0.010400215,0.151179324,-0.084462991,-0.05069682,-0.043075811,0.381271333,0.002085148,0.355125932,-0.017486951,0.085099751,0.000375697,-0.008044799,0.231869002,0.213426811,0.045501851,-0.011100106,0.002936829,0.128315975,0.178003378,0.056938497,0.027907111,0.232894549,0.041880153,-0.027746047,0.005763835,-0.010910231,-0.060583919,0.190907095,0.148596124,0.21497543,0.194992311,0.077060824,0.16388785,0.163583938,0.147976626,0.179738318,-0.007227134,0.000193826,-0.026274912,-0.029974994,0.092008949,0.015843803,-0.089957084,0.00495604,0.344803206,0.279103505,0.37620381,0.209300034,-0.0223949
funded_amnt_inv,-0.038102674,0.999995104,0.999995104,1,0.075167023,0.946186747,0.317466388,0.042904762,-0.014306109,-0.029405903,-0.000266215,0.022178826,0.179184684,-0.062993967,0.329216063,0.09822543,0.197710613,0.478115812,0.478140975,0.659081219,0.659131019,0.59469898,0.578076171,0.061976245,0.098900275,0.095401034,0.329654818,-0.020215626,0.013435824,,0.002495389,-0.02303618,0.316415636,-0.033270138,0.03178146,-0.004932015,0.018985578,-0.010391393,0.151182263,-0.084485721,-0.050722919,-0.043099615,0.381270842,0.002058925,0.35515988,-0.017492555,0.085106107,0.000380711,-0.008059949,0.231873408,0.213478567,0.045455023,-0.011115898,0.002944938,0.128326231,0.178012308,0.056952795,0.027924018,0.232894165,0.041901937,-0.02771149,0.005774208,-0.010880907,-0.060586341,0.190894233,0.148561897,0.214975605,0.194981844,0.07705939,0.163885372,0.163567635,0.147945658,0.179742043,-0.007216931,0.000189962,-0.026279503,-0.029997893,0.092039716,0.01580534,-0.089957628,0.004919193,0.344820482,0.279116762,0.376237172,0.20932066,-0.02235913
int_rate,-0.031938959,0.075151192,0.075151192,0.075167023,1,0.101312343,-0.090132907,0.121017836,0.060556562,0.185738677,-0.045845016,-0.00734949,-0.011752085,0.05342379,-0.03741105,0.261130153,-0.044574599,0.023770839,0.023798606,0.0977108,0.097712351,-0.017628691,0.40359993,0.051465617,0.116150741,0.109884757,0.093653056,0.023926138,-0.034504176,,0.018942833,0.011133924,-0.088135065,0.126658437,0.032407827,0.141502698,0.13880125,-0.074883472,0.034863806,0.142384101,0.122335328,0.129425078,-0.069334208,0.29289593,-0.198150874,0.132361453,0.00509293,0.15497765,0.168673075,-0.085754943,-0.296409105,0.275609733,0.02514748,0.006576433,-0.064074431,-0.133393086,-0.088236761,-0.107688921,-0.094195042,-0.074855924,-0.027713297,-0.133037409,-0.026862338,0.051265889,0.027489194,0.087354396,-0.057060816,-0.083528528,0.01208784,-0.01271969,-0.054052218,0.086234997,-0.012632584,0.009416517,0.0159699,0.031894581,0.17737594,-0.086538668,0.269173126,0.064499325,0.01196816,-0.126835027,0.002911704,-0.244576429,-0.00256946,-0.163078424
installment,-0.03166948,0.946257731,0.946257731,0.946186747,0.101312343,1,0.305699303,0.046207029,-0.00101649,-0.003163682,-0.012716701,0.01149841,0.17109802,-0.052752099,0.314815781,0.119943614,0.177185229,0.392875348,0.39286785,0.658869516,0.658874943,0.613702565,0.515140405,0.070941967,0.101385361,0.097479748,0.31853327,-0.015724201,0.005704223,,0.005294348,-0.018976203,0.287514345,-0.013829061,0.028509955,0.005474841,0.026598753,-0.014238176,0.139095655,-0.077296893,-0.023513986,-0.014230637,0.360606135,0.026591167,0.322924243,-0.004179175,0.068161984,0.017553371,0.012307051,0.205017433,0.177038876,0.071040905,-0.008168007,0.003536311,0.104307273,0.153985731,0.034394832,0.012761654,0.200044496,0.02054055,-0.033533891,-0.008575065,-0.021075307,-0.048688132,0.196354868,0.156833589,0.209199818,0.186786297,0.060726292,0.161591677,0.155483018,0.156153706,0.171564689,-0.004949821,0.002426898,-0.018568316,-0.005479928,0.071724531,0.039000959,-0.079954896,0.008360677,0.312354827,0.261522121,0.340674578,0.192063389,-0.029644979
annual_inc,-0.003672044,0.317440957,0.317440957,0.317466388,-0.090132907,0.305699303,1,-0.127441304,0.033295804,0.036004959,-0.02884995,-0.059873623,0.157387027,-0.004651309,0.309373294,0.036672606,0.187088662,0.136017323,0.136032684,0.219161907,0.219197324,0.21854518,0.130341929,0.030403992,0.010179357,0.00973922,0.115541987,-0.005636977,0.000623156,,0.007879236,0.002662242,0.424863746,0.04326004,0.077175778,0.089643222,0.11607202,-0.078030278,0.208044765,-0.044124902,-0.001738158,-0.002864867,0.271478224,0.002751207,0.321281608,0.049483157,0.048816421,0.076801128,0.069468443,0.314040893,0.180299235,-0.001165432,-0.000170234,0.007510934,0.114589731,0.147457627,0.029455807,-0.040227057,0.216813758,0.026281837,-0.057566197,-0.047526498,-0.039092949,0.006930795,0.125554409,0.094093647,0.143712765,0.144138203,0.115977371,0.100056366,0.113177714,0.093426639,0.157105027,0.001286785,0.006790808,0.002133082,0.059759684,-0.001664585,-0.012864904,-0.045837969,0.038348881,0.446814646,0.341817416,0.296015252,0.2907128,0.02779526
dti,-0.041018184,0.042926725,0.042926725,0.042904762,0.121017836,0.046207029,-0.127441304,1,-0.013664784,-0.01234793,0.015686871,0.083718295,0.165641523,-0.028815371,0.105037942,0.126292484,0.135574799,0.06332015,0.063309378,-0.003677174,-0.003693672,-0.024536832,0.059639428,0.011587899,0.023431142,0.023799444,-0.014575026,-0.00422536,0.017785949,,0.002366538,-0.010783012,0.023173563,0.007185129,0.132795872,0.082471023,0.120861918,-0.108562565,0.145651812,-0.019560414,-0.019745767,-0.001117022,0.105577347,0.129575834,0.059953009,0.042088586,0.075883941,0.01338123,0.072684449,-0.043504616,-0.040114526,0.123090188,-0.000198545,-0.007384368,0.038741664,0.041011874,-0.004834245,-0.041405762,-0.007599275,0.005386665,0.018519733,0.009639521,0.011692648,-0.026628582,0.100973305,0.147461197,0.060856843,0.042285386,0.137876905,0.102141955,0.079663172,0.150057747,0.16562663,-0.005433968,0.004688887,-0.012576485,0.035100079,0.061898457,0.101716621,-0.017408793,-0.020170684,0.03316585,0.185793556,0.033502499,0.209105408,-0.033017016
delinq_2yrs,0.008555038,-0.01427495,-0.01427495,-0.014306109,0.060556562,-0.00101649,0.033295804,-0.013664784,1,0.025578897,-0.559487416,-0.080000041,0.044984983,-0.021837357,-0.031493021,0.012809805,0.114671338,-0.038387197,-0.038385169,0.017743613,0.017720948,0.011207155,0.027843525,0.035082951,0.015769164,0.014229979,0.000295105,0.06259367,-0.441363577,,0.105618346,-0.004440269,0.054467622,-0.000382972,0.058567729,-0.009247329,-0.015700809,0.000637852,0.042378571,-0.012297093,-0.019818839,-0.049291162,-0.050569598,0.024715051,-0.05788266,0.015002464,0.024354091,0.027912072,-0.052118458,0.043862741,-0.067887571,0.015744848,0.12610492,0.021903273,0.079400323,0.082992724,0.031174715,0.024440147,0.071505617,0.051007014,-0.477685795,-0.031359654,-0.52001516,0.19768013,-0.035457593,0.002231099,-0.031391872,0.032780922,0.079579477,0.00582577,0.077985402,-0.001437663,0.042883703,0.034991558,0.088332406,0.653051904,-0.024059293,-0.428092887,0.013106872,-0.046654526,0.009367251,0.054259642,0.020521868,-0.081505726,0.05193127,-0.021322199
inq_last_6mths,0.032015836,-0.029376177,-0.029376177,-0.029405903,0.185738677,-0.003163682,0.036004959,-0.01234793,0.025578897,1,0.011451412,-0.088654735,0.151428643,0.074306433,-0.006800979,-0.082877482,0.169735041,-0.08540369,-0.085411193,0.031899877,0.031880375,0.020172658,0.048658984,0.010027644,0.03469263,0.032623411,0.045376816,0.019774516,-0.007055045,,-0.004708462,0.018008365,0.02994534,0.432293975,0.036269622,0.173497402,0.144894451,-0.089509118,0.060840845,0.091881058,0.337453514,0.29106487,-0.060892067,-0.02499024,0.02764519,0.219374234,0.049774938,0.483558579,0.287164395,-0.024208158,0.02059079,-0.074366155,0.018899123,-0.008218459,0.018950315,0.001245123,-0.187856277,-0.230783708,0.044360757,-0.128294472,0.03327845,-0.562846799,0.030364747,0.049059241,0.079936887,0.13223049,0.127776608,0.144885603,0.076107401,0.155498228,0.170206694,0.115133272,0.148422228,0.005040494,-0.007963766,0.02625493,0.338935514,-0.026092597,-0.06440648,0.082875103,0.018947957,0.032434645,0.036123232,0.000997863,0.043153956,-0.076076425
mths_since_last_delinq,-0.022406191,-0.000308528,-0.000308528,-0.000266215,-0.045845016,-0.012716701,-0.02884995,0.015686871,-0.559487416,0.011451412,1,-0.0318896,-0.034036768,0.077382577,-0.007616466,0.000711618,-0.038811224,0.041775177,0.041773185,-0.031953345,-0.031919128,-0.027134481,-0.03027921,-0.032550633,-0.016087074,-0.014439465,0.001373132,-0.047155617,0.710155228,,-0.130873484,0.04103664,-0.067792746,0.049875858,-0.018058892,0.039987622,0.047423738,-0.000867995,-0.00563867,0.048950212,0.065021655,0.101538002,0.015245586,0.017341474,-0.00324839,0.013045903,-0.009922515,0.009081883,0.117781202,-0.053091126,0.006847692,0.009279816,-0.105166998,-0.02936416,0.006115266,-0.039811109,-0.069903967,-0.062317889,-0.057001462,-0.072722564,0.768032318,0.001646074,0.867394276,0.016650447,0.024842878,0.006771513,0.017426283,-0.001619703,-0.004661624,-0.012330483,-0.03546691,0.005518785,-0.032763197,-0.048074593,-0.109809166,-0.227045584,0.084138278,0.186813006,0.004321314,0.107949166,0.005279636,-0.077856323,-0.014736413,0.010515651,-0.030514304,0.015536295
mths_since_last_record,-0.065673406,0.022085143,0.022085143,0.022178826,-0.00734949,0.01149841,-0.059873623,0.083718295,-0.080000041,-0.088654735,-0.0318896,1,0.030569401,-0.261471274,0.006476763,0.029460811,-0.164364046,0.133879705,0.133887797,-0.108177912,-0.108115715,-0.10295375,-0.079383446,-0.01899913,-0.002370082,-0.002327101,-0.003944095,-0.035985596,0.009608803,,-0.001194575,-0.082236067,0.016906439,-0.070499735,-0.001236598,-0.003711523,0.012227747,-0.020403939,-0.012304713,-0.072589029,-0.100391665,-0.099982503,0.013045408,-0.053065734,0.035008807,-0.017214214,-0.007844263,-0.063138622,-0.063942085,0.002361894,0.021981331,0.042580586,-0.030903117,-0.003372759,-0.084959526,-0.132421624,0.043514055,0.055712345,-0.117050578,0.016147611,-0.127378757,0.058375853,-0.086762222,-0.169194655,0.018807318,0.02914656,-0.014231715,-0.185319873,-0.039703106,0.03793125,-0.165823495,0.036975819,0.039495638,0.013569467,0.004140723,-0.077860771,-0.077905053,0.224713507,0.054554764,0.270760446,-0.289194245,0.01271555,-0.010394318,0.02624578,-0.008518743,-0.005885159
open_acc,-0.015123834,0.179182866,0.179182866,0.179184684,-0.011752085,0.17109802,0.157387027,0.165641523,0.044984983,0.151428643,-0.034036768,0.030569401,1,-0.01797655,0.248507935,-0.133274945,0.722295403,0.066564102,0.066568624,0.129494161,0.129508545,0.119406968,0.104569562,0.0076824,0.022496397,0.023226693,0.066122534,0.012691104,0.01271811,,0.013218687,0.002830714,0.254265357,0.270230823,0.52174021,0.182494236,0.251979743,-0.159818915,0.349128879,0.126613052,0.341696469,0.453200123,0.127604218,-0.003895082,0.427255393,0.107669437,0.117897358,0.173850372,0.489731994,-0.104366314,0.314873108,-0.095660297,0.002004231,-0.000914676,0.154499434,0.145551062,-0.237270683,-0.235615876,0.13375957,-0.205199478,-0.013188572,-0.105284479,-0.047416878,0.025781265,0.561817603,0.674635102,0.644460659,0.54502037,0.400715667,0.838104922,0.670893486,0.67787514,0.998974658,-0.003045631,0.015370736,0.011709217,0.366944932,0.113871019,-0.085702087,-0.021820808,-0.003461854,0.298953023,0.407891331,0.385586905,0.368447102,-0.023312944
pub_rec,0.010759726,-0.062963916,-0.062963916,-0.062993967,0.05342379,-0.052752099,-0.004651309,-0.028815371,-0.021837357,0.074306433,0.077382577,-0.261471274,-0.01797655,1,-0.087853359,-0.050202529,0.001615392,-0.055501081,-0.055496943,-0.017157625,-0.017192914,-0.021275145,0.003026529,-0.00436711,0.000278004,-0.000665378,-0.01231954,0.009239247,0.069986024,,-0.004866,0.021663869,-0.06125909,0.05656083,-0.02561917,0.045149009,0.046878381,-0.025335951,-0.006364072,0.029295102,0.075637294,0.089106682,-0.102158914,0.004308336,-0.10220239,0.065096996,0.008558868,0.080550362,0.09103919,-0.049284073,-0.086349264,-0.019045375,-0.007924282,-0.002145408,0.027319743,0.035953376,-0.063209448,-0.060681262,-0.013951541,-0.046820366,0.097177663,-0.050641232,0.089942301,0.01364849,-0.031197833,0.002381004,-0.039093497,-0.010451242,-0.012703152,0.003201264,0.016777998,-0.001024307,-0.02168836,-0.00344315,-0.004433083,-0.001696864,0.08156486,-0.007840611,-0.034228509,0.633768048,0.730161278,-0.068708107,-0.048262066,-0.125574797,-0.014861187,-0.018517363
revol_bal,0.007247394,0.329218173,0.329218173,0.329216063,-0.03741105,0.314815781,0.309373294,0.105037942,-0.031493021,-0.006800979,-0.007616466,0.006476763,0.248507935,-0.087853359,1,0.255740048,0.208166154,0.127172413,0.127180918,0.24794212,0.247957424,0.235749179,0.18237517,0.031141152,0.02109837,0.021449387,0.104915863,-0.028721314,0.009715157,,0.001781768,-0.036218735,0.451079476,-0.027329354,0.023918339,-0.024294435,-0.010109441,0.012441294,0.113539209,-0.096347377,-0.020286094,-0.012043601,0.577590651,0.126644921,0.807024796,-0.045962028,0.045732383,-0.018095438,-0.014533003,0.282260842,0.178870303,0.180937506,-0.014846871,0.02090664,0.112653974,0.243907961,0.01784066,0.019079606,0.219597061,0.026358287,-0.031913827,0.009278899,-0.027767131,-0.082697077,0.332225861,0.329142379,0.295121454,0.241909571,0.031169377,0.252478134,0.226789218,0.329086005,0.247619612,0.002802014,-0.002004723,-0.034619714,-0.025434145,0.119659554,0.144274275,-0.115540397,-0.009838062,0.477573391,0.511411837,0.490673031,0.154088624,0.015157126
revol_util,0.066497999,0.098272473,0.098272473,0.09822543,0.261130153,0.119943614,0.036672606,0.126292484,0.012809805,-0.082877482,0.000711618,0.029460811,-0.133274945,-0.050202529,0.255740048,1,-0.095713423,-0.037479896,-0.037478541,0.163386928,0.163360244,0.120443351,0.226446928,0.03988365,0.041527799,0.03913927,0.026653734,-0.035249622,-0.012125648,,-0.012211131,-0.03831674,0.091954961,-0.186756503,0.046350201,-0.099120275,-0.07424835,0.069783168,0.040465704,-0.061352455,-0.203655502,-0.22440979,0.345504712,0.671593613,-0.141935672,-0.088037695,0.022032513,-0.130148145,-0.221753329,0.134763969,-0.476508026,0.868494232,-0.011212638,-0.004716117,0.071009027,0.028251659,0.177230679,0.161079622,0.040331127,0.14498201,-0.002230169,0.097493968,0.018295868,-0.017926631,0.108909355,0.111846274,-0.123478308,-0.130485247,0.020702684,-0.195877564,-0.168951016,0.11698337,-0.133717798,-0.011256252,-0.007604357,0.001804201,-0.214046499,-0.046954848,0.73713356,-0.075343312,-0.00443552,0.03342768,0.137921152,-0.177274183,0.043920049,-0.050095749
total_acc,0.033328721,0.197723905,0.197723905,0.197710613,-0.044574599,0.177185229,0.187088662,0.135574799,0.114671338,0.169735041,-0.038811224,-0.164364046,0.722295403,0.001615392,0.208166154,-0.095713423,1,0.007864351,0.007880298,0.194325196,0.194331631,0.190170738,0.121137183,0.012952447,0.034757151,0.033810718,0.136103522,0.009999769,-0.034827941,,0.019921397,0.02077542,0.316596963,0.255423559,0.403049109,0.258535786,0.354215047,-0.192788477,0.424753589,0.114465808,0.244668552,0.312093023,0.140140688,0.008087444,0.342275955,0.162716688,0.297248558,0.208928998,0.436300735,0.052663843,0.24327962,-0.069684598,0.039100598,0.002176019,0.345180351,0.28547993,-0.17595556,-0.218858113,0.366570094,-0.122799316,0.00758957,-0.129273821,-0.014156481,0.147246053,0.312040029,0.418731081,0.414185428,0.627940119,0.687045893,0.579023611,0.765598934,0.420686306,0.71914928,-0.000136258,0.018705166,0.068422898,0.336243543,0.023042708,-0.054165423,0.020916281,-0.015201791,0.346273352,0.442019293,0.296269702,0.429101605,-0.022359323
out_prncp,-0.258413045,0.477964659,0.477964659,0.478115812,0.023770839,0.392875348,0.136017323,0.06332015,-0.038387197,-0.08540369,0.041775177,0.133879705,0.066564102,-0.055501081,0.127172413,-0.037479896,0.007864351,1,0.999998536,-0.250307632,-0.250256314,-0.320790107,0.100218667,-0.01407359,-0.090151247,-0.086817746,-0.295377612,-0.006405949,0.04686375,,-0.022663784,-0.013531426,0.113889374,-0.057084665,0.026483394,-0.036684405,-0.02348989,0.00585513,0.087060797,-0.084899392,-0.067297492,-0.07259133,0.218356224,-0.036068471,0.181037796,-0.004266201,0.03140224,-0.041843604,-0.037769903,0.077827811,0.157514863,-0.064478822,-0.009234267,0.00286716,0.04552024,0.047353559,0.057681376,0.044098002,0.011302526,0.027901193,0.005939815,0.041208564,0.030869115,-0.034666337,0.07787038,0.044834976,0.092750986,-0.00574455,0.024446146,0.055814626,-0.012364405,0.044470576,0.067849132,-0.006896635,-0.021178561,-0.027466694,-0.048285653,0.04546959,-0.076480298,-0.035962556,-0.026016919,0.137607624,0.131674632,0.206228634,0.121459407,0.172954292
out_prncp_inv,-0.258395902,0.477986328,0.477986328,0.478140975,0.023798606,0.39286785,0.136032684,0.063309378,-0.038385169,-0.085411193,0.041773185,0.133887797,0.066568624,-0.055496943,0.127180918,-0.037478541,0.007880298,0.999998536,1,-0.250291678,-0.250238981,-0.320771818,0.100218283,-0.014080762,-0.09014128,-0.086808147,-0.295343546,-0.006416118,0.046857609,,-0.022659371,-0.013532349,0.113911109,-0.057091015,0.026480942,-0.036682964,-0.023488597,0.00586492,0.087062833,-0.084916192,-0.06730899,-0.072599976,0.218366186,-0.036079058,0.18105262,-0.004283407,0.03141971,-0.041843332,-0.037775187,0.077848586,0.157525371,-0.064477551,-0.009246057,0.00287002,0.045532639,0.047368919,0.057689043,0.04410043,0.011331948,0.027917544,0.005924174,0.04121348,0.030856303,-0.034673877,0.077867263,0.044827611,0.092753831,-0.005731194,0.024452084,0.055818461,-0.012352418,0.044465638,0.067854245,-0.006894262,-0.021175798,-0.027463264,-0.048291684,0.045492373,-0.076473073,-0.035961473,-0.026013428,0.137630088,0.13167965,0.206241882,0.121464736,0.17293517
total_pymnt,0.327931926,0.9,0.659203754,0.659081219,0.0977108,0.658869516,0.219161907,-0.003677174,0.017743613,0.031899877,-0.031953345,-0.108177912,0.129494161,-0.017157625,0.24794212,0.163386928,0.194325196,-0.250307632,-0.250291678,1,0.999996684,0.970571505,0.690796341,0.066934072,0.006034896,0.008933271,0.593753348,-0.018850747,-0.017528161,,0.020287935,-0.012175965,0.241913785,0.006426363,0.013542741,0.020093234,0.039301228,-0.011570784,0.095851426,-0.017410085,-0.001634906,0.010286766,0.246069831,0.058573664,0.215820154,-0.021502051,0.063963854,0.031462738,0.003686997,0.182699644,0.073754218,0.129751309,-0.004646575,0.003285174,0.103650199,0.15326741,0.021603497,0.002662484,0.24026807,0.030697376,-0.03240502,-0.015771327,-0.036454294,-0.034615461,0.140066332,0.126915491,0.141157825,0.199740667,0.058675127,0.120457305,0.172715852,0.126923225,0.129026243,-0.000339579,0.016037268,-0.006509403,-0.008462335,0.05353148,0.105252805,-0.068813654,0.033585089,0.249767212,0.188664653,0.215254469,0.120298009,0.102838191
total_pymnt_inv,0.327933275,0.659246335,0.659246335,0.659131019,0.097712351,0.658874943,0.219197324,-0.003693672,0.017720948,0.031880375,-0.031919128,-0.108115715,0.129508545,-0.017192914,0.247957424,0.163360244,0.194331631,-0.250256314,-0.250238981,0.999996684,1,0.970571643,0.690787484,0.066913326,0.006017254,0.008913691,0.593797433,-0.018865391,-0.01751939,,0.020300036,-0.012183086,0.24193838,0.006401032,0.013543051,0.020090657,0.039304465,-0.011573573,0.095868603,-0.017421322,-0.001654187,0.010268405,0.24609402,0.058558551,0.215860924,-0.021499861,0.063975444,0.0314684,0.003677746,0.182711535,0.073801092,0.129721412,-0.004646392,0.003291918,0.103665237,0.153282602,0.021607263,0.002672028,0.240281228,0.030706035,-0.032373443,-0.015766973,-0.036429588,-0.034612873,0.140068803,0.126898617,0.141168706,0.199750323,0.058681096,0.120464976,0.172717532,0.126909957,0.129042112,-0.000330288,0.016043212,-0.006511845,-0.008479924,0.053547372,0.1052244,-0.068826113,0.033551589,0.249797468,0.188694631,0.215295882,0.120327733,0.102846488
total_rec_prncp,0.349520951,0.594819728,0.594819728,0.59469898,-0.017628691,0.613702565,0.21854518,-0.024536832,0.011207155,0.020172658,-0.027134481,-0.10295375,0.119406968,-0.021275145,0.235749179,0.120443351,0.190170738,-0.320790107,-0.320771818,0.970571505,0.970571643,1,0.50473473,0.041960839,-0.085374108,-0.080841456,0.674273449,-0.021058463,-0.014472761,,0.017757463,-0.011776099,0.241734626,0.003828427,0.005862963,0.014834937,0.031238469,-0.009189382,0.08152242,-0.021864004,-0.003550188,0.00618075,0.226393632,0.023912645,0.225039036,-0.024406171,0.063378423,0.025740127,-0.004413141,0.187089703,0.104487464,0.088156129,-0.007920107,0.001743105,0.097544219,0.153185012,0.024440119,0.008359858,0.24097367,0.031357609,-0.030982536,-0.008439646,-0.035345123,-0.036045646,0.123335929,0.101974315,0.138232926,0.20249567,0.052832184,0.112397893,0.171753981,0.101584159,0.11900581,-0.001165829,0.013932853,-0.00860101,-0.015146331,0.059142875,0.066737462,-0.068466729,0.028227066,0.252819296,0.173766605,0.229179475,0.108062487,0.170595803
total_rec_int,0.181853106,0.578144218,0.578144218,0.578076171,0.40359993,0.515140405,0.130341929,0.059639428,0.027843525,0.048658984,-0.03027921,-0.079383446,0.104569562,0.003026529,0.18237517,0.226446928,0.121137183,0.100218667,0.100218283,0.690796341,0.690787484,0.50473473,1,0.101196631,0.059753695,0.059389666,0.11073339,-0.005302118,-0.016086875,,0.017551378,-0.008436187,0.142348091,0.006139545,0.034026248,0.023146949,0.04271236,-0.010683915,0.097128103,0.002583824,0.000891778,0.013947096,0.19505442,0.148814906,0.098561093,-0.003237433,0.032436857,0.030626396,0.017928423,0.094127834,-0.04939332,0.202204366,0.006748641,0.007163701,0.079180061,0.090953087,0.009869776,-0.009294471,0.137535839,0.019617571,-0.023706731,-0.025419036,-0.02545459,-0.017786223,0.133256925,0.149475637,0.090748464,0.103278882,0.050468811,0.092445137,0.098059067,0.150613452,0.104089509,0.002086047,0.0133933,0.000448026,0.006876414,0.014033049,0.177317386,-0.04192658,0.037109481,0.137297638,0.154697079,0.085457819,0.106465687,-0.032706717
total_rec_late_fee,-0.032467335,0.062007511,0.062007511,0.061976245,0.051465617,0.070941967,0.030403992,0.011587899,0.035082951,0.010027644,-0.032550633,-0.01899913,0.0076824,-0.00436711,0.031141152,0.03988365,0.012952447,-0.01407359,-0.014080762,0.066934072,0.066913326,0.041960839,0.101196631,1,0.066261883,0.065097788,-0.016667735,0.007149404,-0.018725409,,0.003690662,-0.003401292,0.032471871,0.000444491,0.016707475,0.011821163,0.014495764,-0.005008681,0.018479562,0.006918773,-9.67E-05,-0.000423923,0.025187681,0.033067259,0.006108665,-0.000444209,0.01250404,0.012692812,0.00971185,0.025033821,-0.023284261,0.036125394,-0.000917702,-0.001553374,0.007870977,0.006567753,0.000537614,-0.010037515,0.005728074,0.003188464,-0.029983,-0.011134107,-0.024738385,0.000599663,0.002727133,0.0064787,-0.004761637,-0.004374467,0.02293727,-0.005952305,-0.003931319,0.006376574,0.007682854,-0.001238295,0.005365663,0.009733717,0.009805048,-0.021381634,0.03468586,-0.010341256,0.003002591,0.029328328,0.037078184,-0.006816262,0.028222213,-0.093512786
recoveries,-0.232801991,0.098945403,0.098945403,0.098900275,0.116150741,0.101385361,0.010179357,0.023431142,0.015769164,0.03469263,-0.016087074,-0.002370082,0.022496397,0.000278004,0.02109837,0.041527799,0.034757151,-0.090151247,-0.09014128,0.006034896,0.006017254,-0.085374108,0.059753695,0.066261883,1,0.986679065,-0.069381967,0.004848926,-0.015929404,,0.011447844,-0.000490009,0.010843215,0.029231494,0.003509106,0.02770239,0.029984392,-0.017004023,0.018890231,0.019625211,0.023107498,0.027766983,0.014014414,0.031913472,0.002023323,0.012003641,0.011473187,0.027984009,0.043648344,0.002880267,-0.024922875,0.040555218,0.004480962,-0.000858989,0.009560201,0.003464914,-0.025681371,-0.03138904,0.015295995,-0.014350158,-0.000392164,-0.030536932,0.000531812,0.007258276,0.018916563,0.029288127,0.012707422,0.029737487,0.014192567,0.02339869,0.034353856,0.02993458,0.022431828,0.001599291,0.012426729,0.010009538,0.040359763,-0.000589259,0.041856854,-0.001074025,0.001156947,0.007904123,0.02529907,-0.008066093,0.020352663,-0.52124319
collection_recovery_fee,-0.224610011,0.095449881,0.095449881,0.095401034,0.109884757,0.097479748,0.00973922,0.023799444,0.014229979,0.032623411,-0.014439465,-0.002327101,0.023226693,-0.000665378,0.021449387,0.03913927,0.033810718,-0.086817746,-0.086808147,0.008933271,0.008913691,-0.080841456,0.059389666,0.065097788,0.986679065,1,-0.066881428,0.003578647,-0.011806959,,0.011350443,-0.000163251,0.011039301,0.02769299,0.003494696,0.025621819,0.028135089,-0.016266013,0.017003545,0.018417215,0.02181396,0.025958645,0.014247416,0.031559697,0.00316954,0.010791001,0.010403766,0.027291697,0.043395139,0.00259595,-0.023364409,0.038160806,0.003941258,-0.000729173,0.008997511,0.004090833,-0.02565343,-0.030817246,0.01388974,-0.014697967,0.001862248,-0.029824835,0.000343217,0.005788764,0.01912113,0.029659539,0.012827353,0.028372262,0.013955701,0.023872067,0.033694543,0.030322948,0.023163057,0.001816585,0.012093535,0.007581084,0.039299649,0.00045601,0.038907029,-0.001825023,0.000802485,0.008291764,0.025588435,-0.006823746,0.020544716,-0.501969306
last_pymnt_amnt,0.193817437,0.329679499,0.329679499,0.329654818,0.093653056,0.31853327,0.115541987,-0.014575026,0.000295105,0.045376816,0.001373132,-0.003944095,0.066122534,-0.01231954,0.104915863,0.026653734,0.136103522,-0.295377612,-0.295343546,0.593753348,0.593797433,0.674273449,0.11073339,-0.016667735,-0.069381967,-0.066881428,1,-0.012166676,0.002319179,,0.011079392,-0.004073954,0.154693879,0.03059596,0.002966805,0.054379604,0.072419243,-0.044985515,0.057211279,0.027078569,0.026183901,0.033294338,0.100146499,0.011058408,0.113726086,0.031990042,0.073452287,0.063816723,0.067220369,0.128180936,0.064900825,0.013667312,-0.00394739,-0.001033835,0.041957263,0.056762237,-0.01333146,-0.034980031,0.162572861,-0.00694199,-0.008846803,-0.041187832,-0.005205598,-0.008878232,0.035030432,0.025782042,0.065786357,0.117328136,0.060189015,0.057334586,0.10622432,0.023475613,0.065725067,-0.003448367,0.010097616,-0.005110574,0.053674453,0.03771796,0.012330465,-0.012923479,-0.004952777,0.157315797,0.099732197,0.109567917,0.070586515,0.139369023
collections_12_mths_ex_med,-0.001010808,-0.020204727,-0.020204727,-0.020215626,0.023926138,-0.015724201,-0.005636977,-0.00422536,0.06259367,0.019774516,-0.047155617,-0.035985596,0.012691104,0.009239247,-0.028721314,-0.035249622,0.009999769,-0.006405949,-0.006416118,-0.018850747,-0.018865391,-0.021058463,-0.005302118,0.007149404,0.004848926,0.003578647,-0.012166676,1,-0.141427582,,0.015868472,0.048254006,-0.007757006,0.008140874,0.013202509,-0.001215475,0.00338905,0.00056214,-0.001272091,0.001580997,0.020566877,0.026427823,-0.034648561,-0.015009436,-0.024054243,0.015275962,-0.007156641,0.017394725,0.023802434,-0.011185224,-0.014982646,-0.030560569,0.033524901,0.000238008,0.011087421,-0.008126137,-0.018020921,-0.013352532,-0.008280377,-0.010725282,-0.021899286,-0.013165305,-0.028139774,0.044219551,-0.006525297,0.005699684,0.001842342,-0.011186889,0.014168384,0.005190254,-0.000634839,-0.000350504,0.011899448,-0.002707883,0.006765502,0.095356598,0.011641826,-0.040719565,-0.034036095,-0.004242891,0.008403685,-0.007579413,-0.009203449,-0.026447508,0.006139341,-0.007619799
mths_since_last_major_derog,-0.031343498,0.013420489,0.013420489,0.013435824,-0.034504176,0.005704223,0.000623156,0.017785949,-0.441363577,-0.007055045,0.710155228,0.009608803,0.01271811,0.069986024,0.009715157,-0.012125648,-0.034827941,0.04686375,0.046857609,-0.017528161,-0.01751939,-0.014472761,-0.016086875,-0.018725409,-0.015929404,-0.011806959,0.002319179,-0.141427582,1,,-0.104244,0.052308964,-0.030038951,0.017686071,-0.020380622,0.033671492,0.061106608,-0.019090809,0.000966273,-0.002367679,0.02892414,0.088990252,0.0315831,-0.015284949,0.027110641,0.016566968,0.005539784,-0.004399566,0.122029442,-0.035577265,0.033247576,-0.005523873,-0.209112375,-0.059927576,-0.010829289,-0.011708877,-0.076985992,-0.06915592,-0.051810219,-0.086175383,0.5897633,0.019156528,0.579793557,-0.073406172,0.042276438,0.028027095,0.024876874,0.006365188,-0.021877799,0.039880708,-0.011770553,0.039819236,0.015745498,-0.088521235,-0.026007922,-0.470268249,0.056753221,0.138023755,-0.003736907,0.074417284,0.011851544,-0.03635196,-1.66E-05,0.034693138,-0.011768137,0.020029579
policy_code,,,,,,,,,,,,,,,,,,,,,,,,,,,,,,,,,,,,,,,,,,,,,,,,,,,,,,,,,,,,,,,,,,,,,,,,,,,,,,,,,,,,,,
acc_now_delinq,0.009707252,0.002491634,0.002491634,0.002495389,0.018942833,0.005294348,0.007879236,0.002366538,0.105618346,-0.004708462,-0.130873484,-0.001194575,0.013218687,-0.004866,0.001781768,-0.012211131,0.019921397,-0.022663784,-0.022659371,0.020287935,0.020300036,0.017757463,0.017551378,0.003690662,0.011447844,0.011350443,0.011079392,0.015868472,-0.104244,,1,-0.001170909,0.016105819,-0.010620257,-0.000212261,-0.009365902,-0.002758789,0.005383654,0.002004722,-0.007407297,-0.009352565,-0.00863212,-0.003227772,-0.009169854,0.004827386,-0.005943958,-0.001163803,-0.005921382,-0.006853295,0.009205784,0.000526466,-0.01665176,0.036670709,0.203593827,0.015119711,0.030812971,0.007552392,0.011231548,0.021130584,0.017988184,-0.109628978,0.006273856,-0.108424097,0.0157946,-0.007860548,0.003880423,-0.006676313,0.010155638,0.00236494,0.009778701,0.021247808,0.002989695,0.004946361,0.349715102,0.848045825,0.045436801,-0.01153506,-0.039325845,-0.012747776,-0.012406652,0.006546725,0.01879992,0.004998043,-0.004508516,0.011945242,-0.007381215
tot_coll_amt,-0.008822764,-0.023031722,-0.023031722,-0.02303618,0.011133924,-0.018976203,0.002662242,-0.010783012,-0.004440269,0.018008365,0.04103664,-0.082236067,0.002830714,0.021663869,-0.036218735,-0.03831674,0.02077542,-0.013531426,-0.013532349,-0.012175965,-0.012183086,-0.011776099,-0.008436187,-0.003401292,-0.000490009,-0.000163251,-0.004073954,0.048254006,0.052308964,,-0.001170909,1,-0.019039536,0.015766876,0.001406872,0.015051429,0.008086435,0.004182384,-2.19E-05,0.006674754,0.021217772,0.02915388,-0.044443642,-0.012126919,-0.036501453,0.023712194,0.002380393,0.02265491,0.025201239,-0.016443449,-0.022226534,-0.029778245,0.008760147,0.006081934,0.020946911,0.029641342,-0.012645004,-0.013679926,-0.000157806,-0.008243499,0.086901225,-0.020095309,0.069851982,0.12434179,-0.016849414,-0.006398131,-0.014906586,0.016522085,0.006152354,0.005888879,0.024780373,-0.005760993,0.003156107,-0.002106207,-0.001703342,-0.001644252,0.024608971,-0.065651133,-0.029862429,-0.004201138,0.0145281,-0.018670827,-0.016673491,-0.04287748,0.000536074,-0.004573746
tot_cur_bal,0.021181697,0.316404949,0.316404949,0.316415636,-0.088135065,0.287514345,0.424863746,0.023173563,0.054467622,0.02994534,-0.067792746,0.016906439,0.254265357,-0.06125909,0.451079476,0.091954961,0.316596963,0.113889374,0.113911109,0.241913785,0.24193838,0.241734626,0.142348091,0.032471871,0.010843215,0.011039301,0.154693879,-0.007757006,-0.030038951,,0.016105819,-0.019039536,1,0.085101886,0.178044799,0.135133321,0.169315048,-0.117221928,0.409802045,0.037016478,-0.025145868,-0.041357262,0.354889154,0.101113295,0.419278732,0.099610699,0.131697484,0.130011747,0.105406955,0.828707347,0.169368337,0.046352458,-0.002738614,0.021128271,0.175710422,0.190433416,0.034762123,-0.079490463,0.538283777,0.056625859,-0.045195411,-0.059122178,-0.045915899,0.007725535,0.105643548,0.105665393,0.119854834,0.135973444,0.220515839,0.099468438,0.137660563,0.105667572,0.254543754,0.006566817,0.013296043,0.006600737,0.094933708,0.009532011,0.034202154,-0.087627509,-0.002535782,0.983774601,0.538160526,0.314613101,0.432940925,0.041487553
open_acc_6m,-0.02019975,-0.033242462,-0.033242462,-0.033270138,0.126658437,-0.013829061,0.04326004,0.007185129,-0.000382972,0.432293975,0.049875858,-0.070499735,0.270230823,0.05656083,-0.027329354,-0.186756503,0.255423559,-0.057084665,-0.057091015,0.006426363,0.006401032,0.003828427,0.006139545,0.000444491,0.029231494,0.02769299,0.03059596,0.008140874,0.017686071,,-0.010620257,0.015766876,0.085101886,1,0.083882308,0.384687748,0.299180395,-0.180899777,0.115096281,0.182326585,0.627319618,0.482808617,-0.095469343,-0.043617089,0.071851659,0.172104913,0.100038746,0.324576287,0.558258151,-0.016366099,0.0987682,-0.175929658,0.005043376,-0.009324602,0.01293766,-0.015188767,-0.360192591,-0.498070739,0.05554738,-0.246454957,0.070549682,-0.31212858,0.061601765,0.078320672,0.118971249,0.190365257,0.183931014,0.189156912,0.138192988,0.263787158,0.241196452,0.18485109,0.269586523,-0.000796284,-0.009532824,0.015523978,0.730123933,-0.002597508,-0.152866395,0.057427809,0.018467405,0.08832911,0.084248654,0.043819529,0.097200154,-0.04893932
open_act_il,-0.001622228,0.031786128,0.031786128,0.03178146,0.032407827,0.028509955,0.077175778,0.132795872,0.058567729,0.036269622,-0.018058892,-0.001236598,0.52174021,-0.02561917,0.023918339,0.046350201,0.403049109,0.026483394,0.026480942,0.013542741,0.013543051,0.005862963,0.034026248,0.016707475,0.003509106,0.003494696,0.002966805,0.013202509,-0.020380622,,-0.000212261,0.001406872,0.178044799,0.083882308,1,0.279333161,0.363039411,-0.23045917,0.56321168,0.298831127,-0.02455897,-0.020025524,0.033664065,0.35755644,0.009721194,0.09437894,0.094477512,0.068659284,0.163241322,-0.02735583,-0.014149869,0.045488375,-0.003935769,-0.009787239,0.164200117,-0.067122859,-0.008601685,-0.105774988,-0.001352391,-0.009817886,-0.015379166,-0.037637118,-0.014698874,0.096393617,0.005235589,0.013036946,-0.00522984,-0.013686006,0.655377721,0.006173561,-0.003532786,0.01547816,0.523227225,-0.007795535,0.003488654,0.058335697,0.11873167,-0.007850548,0.036631891,-0.026513338,-0.011054477,0.166191828,0.488421085,0.005149824,0.563162659,-0.006385115
open_il_12m,-0.042013847,-0.004926371,-0.004926371,-0.004932015,0.141502698,0.005474841,0.089643222,0.082471023,-0.009247329,0.173497402,0.039987622,-0.003711523,0.182494236,0.045149009,-0.024294435,-0.099120275,0.258535786,-0.036684405,-0.036682964,0.020093234,0.020090657,0.014834937,0.023146949,0.011821163,0.02770239,0.025621819,0.054379604,-0.001215475,0.033671492,,-0.009365902,0.015051429,0.135133321,0.384687748,0.279333161,1,0.745619118,-0.434236291,0.300635585,0.339590977,0.071965134,0.073766007,-0.053786581,0.176221663,0.011298527,0.298385246,0.214700594,0.356877821,0.43413767,0.050643988,0.027638815,-0.098701169,-0.004235084,-0.009043132,0.035676682,-0.005783205,-0.058397036,-0.312432006,0.080542681,-0.033548445,0.057456217,-0.20105856,0.061412667,0.043410821,-0.03336286,-0.008239828,0.006507972,0.031120485,0.34312284,0.033482469,0.050539741,-0.010182252,0.182732948,-0.006303269,-0.007374728,0.001208465,0.558702475,0.021075978,-0.081970915,0.04789232,0.01554643,0.128822568,0.244013683,-0.014051881,0.285076931,-0.044046577
open_il_24m,-0.020089014,0.018989841,0.018989841,0.018985578,0.13880125,0.026598753,0.11607202,0.120861918,-0.015700809,0.144894451,0.047423738,0.012227747,0.251979743,0.046878381,-0.010109441,-0.07424835,0.354215047,-0.02348989,-0.023488597,0.039301228,0.039304465,0.031238469,0.04271236,0.014495764,0.029984392,0.028135089,0.072419243,0.00338905,0.061106608,,-0.002758789,0.008086435,0.169315048,0.299180395,0.363039411,0.745619118,1,-0.482288793,0.370993006,0.317527529,0.060973957,0.085917383,-0.041341887,0.20033563,0.022877099,0.390271196,0.277686637,0.280358392,0.569303546,0.05321442,0.029137643,-0.071954193,0.000411453,-0.01053184,0.048044939,-0.007429748,-0.065888182,-0.289232533,0.105001508,-0.043285006,0.072208471,-0.137445865,0.068164128,0.043530163,-0.015693433,0.013503821,0.019774451,0.049132749,0.464951498,0.061846363,0.074966799,0.016674849,0.252699029,-0.000608845,-0.002549833,-0.013619115,0.428100287,0.04521104,-0.064691925,0.059380192,0.009941429,0.165822485,0.311350832,-0.004950098,0.37398338,-0.04152953
mths_since_rcnt_il,0.007291297,-0.010400215,-0.010400215,-0.010391393,-0.074883472,-0.014238176,-0.078030278,-0.108562565,0.000637852,-0.089509118,-0.000867995,-0.020403939,-0.159818915,-0.025335951,0.012441294,0.069783168,-0.192788477,0.00585513,0.00586492,-0.011570784,-0.011573573,-0.009189382,-0.010683915,-0.005008681,-0.017004023,-0.016266013,-0.044985515,0.00056214,-0.019090809,,0.005383654,0.004182384,-0.117221928,-0.180899777,-0.23045917,-0.434236291,-0.482288793,1,-0.248704017,-0.32013815,-0.026840262,-0.045586419,0.030944177,-0.130821798,-0.017673094,-0.223478536,-0.144377015,-0.200031575,-0.282016452,-0.03704403,-0.027343824,0.064338884,-0.001867727,0.017549276,0.08065889,0.039392297,0.05524064,0.329768442,-0.06130053,0.050451058,-0.007229144,0.115893208,-0.012212744,-0.003160042,0.012650326,-0.002510958,-0.018674255,-0.028354529,-0.247480427,-0.037395863,-0.043580426,0.000444898,-0.160087393,0.003584206,0.00460795,0.008259693,-0.245121042,-0.050777514,0.061150616,-0.043534378,0.002655322,-0.119479164,-0.205693751,-0.002148297,-0.270026866,0.021000467
total_bal_il,-0.00566726,0.151179324,0.151179324,0.151182263,0.034863806,0.139095655,0.208044765,0.145651812,0.042378571,0.060840845,-0.00563867,-0.012304713,0.349128879,-0.006364072,0.113539209,0.040465704,0.424753589,0.087060797,0.087062833,0.095851426,0.095868603,0.08152242,0.097128103,0.018479562,0.018890231,0.017003545,0.057211279,-0.001272091,0.000966273,,0.002004722,-2.19E-05,0.409802045,0.115096281,0.56321168,0.300635585,0.370993006,-0.248704017,1,0.317678833,-0.002521888,-0.001939446,0.12179184,0.294601081,0.112340093,0.155999413,0.128570516,0.146776736,0.19018948,0.2113073,0.047470327,0.028895105,-0.004966582,-0.010296435,0.205499964,0.024176875,-0.009941094,-0.13199369,0.105306425,-0.002103579,-0.001009249,-0.072398384,0.009035598,0.076270115,0.035037887,0.044575798,0.041879558,0.04922849,0.596342733,0.050303639,0.057917031,0.046033279,0.349811895,-0.008034718,0.005180474,0.028100099,0.153871405,0.003543958,0.015665649,-0.017853282,0.009623495,0.384631057,0.899777807,0.094209779,0.95142167,-0.002699766
il_util,-0.014286235,-0.084462991,-0.084462991,-0.084485721,0.142384101,-0.077296893,-0.044124902,-0.019560414,-0.012297093,0.091881058,0.048950212,-0.072589029,0.126613052,0.029295102,-0.096347377,-0.061352455,0.114465808,-0.084899392,-0.084916192,-0.017410085,-0.017421322,-0.021864004,0.002583824,0.006918773,0.019625211,0.018417215,0.027078569,0.001580997,-0.002367679,,-0.007407297,0.006674754,0.037016478,0.182326585,0.298831127,0.339590977,0.317527529,-0.32013815,0.317678833,1,0.076085224,0.083769916,-0.10750466,0.567104371,-0.09500447,0.158492524,0.042446233,0.178036487,0.226336529,-0.00760806,-0.056673846,-0.045837803,0.006336054,-0.012987412,-0.012431652,-0.095269247,-0.067971272,-0.221395091,-0.042354495,-0.052837064,0.084702242,-0.102370877,0.067996247,0.103824575,-0.075215115,-0.051920399,-0.069532786,-0.063711703,0.241785413,-0.030373397,-0.045097583,-0.051605484,0.127947834,0.007935918,-0.009661766,0.025627293,0.235027999,-0.037066228,-0.046223611,0.032394426,0.004558926,-0.013415159,0.230181751,-0.111029288,0.163940163,-0.034852455
open_rv_12m,-0.015305236,-0.05069682,-0.05069682,-0.050722919,0.122335328,-0.023513986,-0.001738158,-0.019745767,-0.019818839,0.337453514,0.065021655,-0.100391665,0.341696469,0.075637294,-0.020286094,-0.203655502,0.244668552,-0.067297492,-0.06730899,-0.001634906,-0.001654187,-0.003550188,0.000891778,-9.67E-05,0.023107498,0.02181396,0.026183901,0.020566877,0.02892414,,-0.009352565,0.021217772,-0.025145868,0.627319618,-0.02455897,0.071965134,0.060973957,-0.026840262,-0.002521888,0.076085224,1,0.776811853,-0.110297726,-0.150689451,0.101436669,0.10141354,0.008638522,0.309489093,0.658076754,-0.137425059,0.119281562,-0.173461505,0.011716132,-0.006503407,-0.013971567,-0.042839546,-0.468857348,-0.411210922,-0.030445887,-0.357073298,0.093601479,-0.232381168,0.066153674,0.084985406,0.244040729,0.334197875,0.312726311,0.294487009,0.006710421,0.429662778,0.367230395,0.324984026,0.339904907,-0.004553767,-0.006925154,0.001002512,0.842013254,-0.002361507,-0.158173918,0.086155468,0.020195841,-0.009196395,-0.011674657,0.073648408,-0.022232077,-0.048165193
open_rv_24m,-0.020286799,-0.043075811,-0.043075811,-0.043099615,0.129425078,-0.014230637,-0.002864867,-0.001117022,-0.049291162,0.29106487,0.101538002,-0.099982503,0.453200123,0.089106682,-0.012043601,-0.22440979,0.312093023,-0.07259133,-0.072599976,0.010286766,0.010268405,0.00618075,0.013947096,-0.000423923,0.027766983,0.025958645,0.033294338,0.026427823,0.088990252,,-0.00863212,0.02915388,-0.041357262,0.482808617,-0.020025524,0.073766007,0.085917383,-0.045586419,-0.001939446,0.083769916,0.776811853,1,-0.125150699,-0.167022152,0.134911084,0.131247216,0.017689959,0.289237121,0.849174911,-0.184168702,0.14346845,-0.17976472,0.004651273,-0.009712793,-0.027972131,-0.067115881,-0.465042732,-0.36673894,-0.048812878,-0.390711942,0.137349964,-0.180940134,0.101714292,0.085318221,0.325461338,0.433414423,0.404262026,0.375760882,0.008438681,0.563910792,0.471000539,0.426743035,0.451593631,-0.00618583,-0.004887351,-0.023004202,0.661125045,0.029728296,-0.16280816,0.108336147,0.019829375,-0.020812205,-0.008346141,0.098312511,-0.022733328,-0.064616514
max_bal_bc,0.004119134,0.381271333,0.381271333,0.381270842,-0.069334208,0.360606135,0.271478224,0.105577347,-0.050569598,-0.060892067,0.015245586,0.013045408,0.127604218,-0.102158914,0.577590651,0.345504712,0.140140688,0.218356224,0.218366186,0.246069831,0.24609402,0.226393632,0.19505442,0.025187681,0.014014414,0.014247416,0.100146499,-0.034648561,0.0315831,,-0.003227772,-0.044443642,0.354889154,-0.095469343,0.033664065,-0.053786581,-0.041341887,0.030944177,0.12179184,-0.10750466,-0.110297726,-0.125150699,1,0.152925447,0.484930001,-0.085847308,-0.004122335,-0.079247717,-0.109414892,0.267348131,0.177977803,0.31297566,-0.028085566,-0.006100917,0.126863751,0.245899409,0.109451826,0.081196203,0.234742726,0.093276513,-0.027528088,0.056149347,-0.002077184,-0.113722181,0.222038293,0.136399387,0.205307497,0.186942797,0.040011808,0.09921558,0.118316914,0.133039192,0.127503679,-0.013453865,0.004508321,-0.044783921,-0.107997891,0.14125222,0.221664476,-0.130103693,-0.017277238,0.379536985,0.361192961,0.563296486,0.181474431,0.02472038
all_util,0.001570772,0.002085148,0.002085148,0.002058925,0.29289593,0.026591167,0.002751207,0.129575834,0.024715051,-0.02499024,0.017341474,-0.053065734,-0.003895082,0.004308336,0.126644921,0.671593613,0.008087444,-0.036068471,-0.036079058,0.058573664,0.058558551,0.023912645,0.148814906,0.033067259,0.031913472,0.031559697,0.011058408,-0.015009436,-0.015284949,,-0.009169854,-0.012126919,0.101113295,-0.043617089,0.35755644,0.176221663,0.20033563,-0.130821798,0.294601081,0.567104371,-0.150689451,-0.167022152,0.152925447,1,-0.222537821,0.070920614,0.052176836,0.027553405,-0.039827616,0.09670102,-0.466133476,0.608684539,-0.005106889,-0.00429206,0.060367197,-0.061674656,0.100786235,0.015564104,-0.010589972,0.091050177,0.047528542,0.018105967,0.051726142,0.090340778,-0.017278799,0.001817639,-0.200710625,-0.212986549,0.250714485,-0.229813159,-0.216142168,0.010735415,-0.00379205,-0.001091526,-0.008101175,0.033930902,-0.039414536,-0.095601779,0.500030913,-0.01132252,0.008093149,0.021043273,0.299443329,-0.275963477,0.227055428,-0.0550598
total_rev_hi_lim,-0.017423102,0.355125932,0.355125932,0.35515988,-0.198150874,0.322924243,0.321281608,0.059953009,-0.05788266,0.02764519,-0.00324839,0.035008807,0.427255393,-0.10220239,0.807024796,-0.141935672,0.342275955,0.181037796,0.18105262,0.215820154,0.215860924,0.225039036,0.098561093,0.006108665,0.002023323,0.00316954,0.113726086,-0.024054243,0.027110641,,0.004827386,-0.036501453,0.419278732,0.071851659,0.009721194,0.011298527,0.022877099,-0.017673094,0.112340093,-0.09500447,0.101436669,0.134911084,0.484930001,-0.222537821,1,-0.022720937,0.061414039,0.030746123,0.117034229,0.199203425,0.672095529,-0.187963241,-0.015230423,0.014980491,0.106084568,0.287958421,-0.063963131,-0.051819875,0.240759536,-0.058199813,-0.043145601,-0.02555863,-0.043328081,-0.108712057,0.393206654,0.365670836,0.508620002,0.43636589,0.034561076,0.4761132,0.415785237,0.365811065,0.427412829,0.002382655,0.002872025,-0.050594559,0.088039958,0.19181459,-0.156257788,-0.123969988,-0.018033086,0.508402691,0.434467362,0.810592216,0.157766731,0.045788684
inq_fi,-0.040300408,-0.017486951,-0.017486951,-0.017492555,0.132361453,-0.004179175,0.049483157,0.042088586,0.015002464,0.219374234,0.013045903,-0.017214214,0.107669437,0.065096996,-0.045962028,-0.088037695,0.162716688,-0.004266201,-0.004283407,-0.021502051,-0.021499861,-0.024406171,-0.003237433,-0.000444209,0.012003641,0.010791001,0.031990042,0.015275962,0.016566968,,-0.005943958,0.023712194,0.099610699,0.172104913,0.09437894,0.298385246,0.390271196,-0.223478536,0.155999413,0.158492524,0.10141354,0.131247216,-0.085847308,0.070920614,-0.022720937,1,0.079808049,0.536871127,0.318473882,0.055763272,0.002160056,-0.079453647,0.011460276,-0.005119569,0.005843057,-0.043976114,-0.070469781,-0.170847236,0.080047829,-0.056657213,0.047713564,-0.222917949,0.036101264,0.072789849,-0.003178955,0.008842927,0.020526041,0.048214072,0.176618188,0.060082668,0.060657668,0.01892771,0.108640059,0.004724856,-0.0074267,0.005553225,0.249079324,-0.027795707,-0.073007307,0.080580241,0.016279786,0.092414781,0.114123311,-0.044233179,0.152423744,-0.021283818
total_cu_tl,-0.014421799,0.085099751,0.085099751,0.085106107,0.00509293,0.068161984,0.048816421,0.075883941,0.024354091,0.049774938,-0.009922515,-0.007844263,0.117897358,0.008558868,0.045732383,0.022032513,0.297248558,0.03140224,0.03141971,0.063963854,0.063975444,0.063378423,0.032436857,0.01250404,0.011473187,0.010403766,0.073452287,-0.007156641,0.005539784,,-0.001163803,0.002380393,0.131697484,0.100038746,0.094477512,0.214700594,0.277686637,-0.144377015,0.128570516,0.042446233,0.008638522,0.017689959,-0.004122335,0.052176836,0.061414039,0.079808049,1,0.086711827,0.167195655,0.073632789,0.012241683,-0.01226572,0.009799077,-0.005572466,0.117725955,0.0734846,-0.019873043,-0.086708606,0.188602428,0.016683368,-0.003404635,-0.048592921,-0.002913646,0.005834019,-0.067974336,0.026163341,-0.041478409,0.01602257,0.299778192,0.064193299,0.125879004,0.033545278,0.118135548,-0.005340367,0.002472607,-0.002642989,0.128722686,0.036942485,0.00117386,0.020089521,-0.003562356,0.135570749,0.130094242,-0.008599068,0.154102281,-0.005087693
inq_last_12m,-0.01382786,0.000375697,0.000375697,0.000380711,0.15497765,0.017553371,0.076801128,0.01338123,0.027912072,0.483558579,0.009081883,-0.063138622,0.173850372,0.080550362,-0.018095438,-0.130148145,0.208928998,-0.041843604,-0.041843332,0.031462738,0.0314684,0.025740127,0.030626396,0.012692812,0.027984009,0.027291697,0.063816723,0.017394725,-0.004399566,,-0.005921382,0.02265491,0.130011747,0.324576287,0.068659284,0.356877821,0.280358392,-0.200031575,0.146776736,0.178036487,0.309489093,0.289237121,-0.079247717,0.027553405,0.030746123,0.536871127,0.086711827,1,0.397907103,0.062593892,0.037765026,-0.119179792,0.018516951,-0.006143128,0.019590145,-0.038190679,-0.172172863,-0.267131654,0.105424541,-0.124801253,0.045789573,-0.536628714,0.038224692,0.082996871,0.051713319,0.089730632,0.101719149,0.123504433,0.14333285,0.152269784,0.155008096,0.08621383,0.173135941,-0.003783444,-0.007936498,0.018213215,0.464525826,-0.036964472,-0.111280999,0.09682162,0.021008195,0.123931754,0.114818361,-0.003453998,0.134213955,-0.053372743
acc_open_past_24mths,-0.058399634,-0.008044799,-0.008044799,-0.008059949,0.168673075,0.012307051,0.069468443,0.072684449,-0.052118458,0.287164395,0.117781202,-0.063942085,0.489731994,0.09103919,-0.014533003,-0.221753329,0.436300735,-0.037769903,-0.037775187,0.003686997,0.003677746,-0.004413141,0.017928423,0.00971185,0.043648344,0.043395139,0.067220369,0.023802434,0.122029442,,-0.006853295,0.025201239,0.105406955,0.558258151,0.163241322,0.43413767,0.569303546,-0.282016452,0.19018948,0.226336529,0.658076754,0.849174911,-0.109414892,-0.039827616,0.117034229,0.318473882,0.167195655,0.397907103,1,-0.069583023,0.127229798,-0.180745612,0.00113818,-0.010015349,0.001975105,-0.052651025,-0.411230141,-0.455737869,0.069335873,-0.337477957,0.151484076,-0.217875331,0.125592558,0.084661519,0.229510831,0.342229693,0.312353298,0.304065993,0.249257939,0.466969632,0.401670672,0.337452198,0.488544346,-0.005082125,-0.003748694,-0.025902284,0.764885109,0.049788461,-0.166390622,0.115217599,0.014906867,0.114037725,0.153812719,0.069725895,0.179170516,-0.078827309
avg_cur_bal,0.031735988,0.231869002,0.231869002,0.231873408,-0.085754943,0.205017433,0.314040893,-0.043504616,0.043862741,-0.024208158,-0.053091126,0.002361894,-0.104366314,-0.049284073,0.282260842,0.134763969,0.052663843,0.077827811,0.077848586,0.182699644,0.182711535,0.187089703,0.094127834,0.025033821,0.002880267,0.00259595,0.128180936,-0.011185224,-0.035577265,,0.009205784,-0.016443449,0.828707347,-0.016366099,-0.02735583,0.050643988,0.05321442,-0.03704403,0.2113073,-0.00760806,-0.137425059,-0.184168702,0.267348131,0.09670102,0.199203425,0.055763272,0.073632789,0.062593892,-0.069583023,1,0.038470279,0.076057057,-0.002308044,0.020322175,0.116688112,0.135960208,0.163813515,0.028520979,0.464384211,0.169053196,-0.033775224,-0.022092158,-0.023465463,0.012431604,-0.116516851,-0.148943682,-0.122745727,-0.057845201,0.05938596,-0.187877414,-0.087959615,-0.150440777,-0.104081724,0.00530694,0.005995441,0.006835474,-0.040266166,-0.053102277,0.065032962,-0.074114603,-0.000348933,0.7957409,0.298396602,0.127015466,0.222464646,0.047220085
bc_open_to_buy,-0.029234604,0.213426811,0.213426811,0.213478567,-0.296409105,0.177038876,0.180299235,-0.040114526,-0.067887571,0.02059079,0.006847692,0.021981331,0.314873108,-0.086349264,0.178870303,-0.476508026,0.24327962,0.157514863,0.157525371,0.073754218,0.073801092,0.104487464,-0.04939332,-0.023284261,-0.024922875,-0.023364409,0.064900825,-0.014982646,0.033247576,,0.000526466,-0.022226534,0.169368337,0.0987682,-0.014149869,0.027638815,0.029137643,-0.027343824,0.047470327,-0.056673846,0.119281562,0.14346845,0.177977803,-0.466133476,0.672095529,0.002160056,0.012241683,0.037765026,0.127229798,0.038470279,1,-0.532791288,-0.010304136,-0.001704816,0.031815883,0.178503817,-0.072983815,-0.063778665,0.132043712,-0.118778313,-0.041060788,-0.02893787,-0.032529352,-0.088299029,0.259499969,0.125539118,0.50108066,0.436468871,0.003778332,0.373518538,0.321219677,0.136872986,0.317468679,-0.002539347,0.003189546,-0.045940127,0.10961336,0.172865478,-0.429113909,-0.097965221,-0.021549487,0.277717986,0.121870185,0.855268567,0.078603664,0.064064298
bc_util,0.067850626,0.045501851,0.045501851,0.045455023,0.275609733,0.071040905,-0.001165432,0.123090188,0.015744848,-0.074366155,0.009279816,0.042580586,-0.095660297,-0.019045375,0.180937506,0.868494232,-0.069684598,-0.064478822,-0.064477551,0.129751309,0.129721412,0.088156129,0.202204366,0.036125394,0.040555218,0.038160806,0.013667312,-0.030560569,-0.005523873,,-0.01665176,-0.029778245,0.046352458,-0.175929658,0.045488375,-0.098701169,-0.071954193,0.064338884,0.028895105,-0.045837803,-0.173461505,-0.17976472,0.31297566,0.608684539,-0.187963241,-0.079453647,-0.01226572,-0.119179792,-0.180745612,0.076057057,-0.532791288,1,-0.009359946,-0.011577544,0.062527541,0.012550614,0.125710719,0.127971375,0.017019662,0.146771309,0.024369683,0.089742429,0.025834879,-0.012212882,0.078784871,0.126489872,-0.172993859,-0.158507391,0.021734988,-0.146052773,-0.124858777,0.129718993,-0.096541553,-0.010124095,-0.009325631,0.001973345,-0.1864197,-0.046336888,0.84553587,-0.027578373,-0.005339123,-0.011321053,0.096734413,-0.250317962,0.025891845,-0.05690374
chargeoff_within_12_mths,0.005964934,-0.011100106,-0.011100106,-0.011115898,0.02514748,-0.008168007,-0.000170234,-0.000198545,0.12610492,0.018899123,-0.105166998,-0.030903117,0.002004231,-0.007924282,-0.014846871,-0.011212638,0.039100598,-0.009234267,-0.009246057,-0.004646575,-0.004646392,-0.007920107,0.006748641,-0.000917702,0.004480962,0.003941258,-0.00394739,0.033524901,-0.209112375,,0.036670709,0.008760147,-0.002738614,0.005043376,-0.003935769,-0.004235084,0.000411453,-0.001867727,-0.004966582,0.006336054,0.011716132,0.004651273,-0.028085566,-0.005106889,-0.015230423,0.011460276,0.009799077,0.018516951,0.00113818,-0.002308044,-0.010304136,-0.009359946,1,0.002151287,0.011543397,0.03056357,0.000983609,-0.002696753,0.026590798,0.007413156,-0.053557866,-0.012264895,-0.066159495,0.118096414,-0.015112529,-0.004096428,-0.005739621,0.02788006,0.011372913,0.002334632,0.039790704,-0.005737145,0.001125996,0.029538849,0.001693156,0.187629626,0.007072517,-0.081793349,-0.0055051,-0.01226144,-0.001411666,-0.002364613,-0.008432376,-0.02337259,-0.001568969,-0.005684574
delinq_amnt,0.005538847,0.002936829,0.002936829,0.002944938,0.006576433,0.003536311,0.007510934,-0.007384368,0.021903273,-0.008218459,-0.02936416,-0.003372759,-0.000914676,-0.002145408,0.02090664,-0.004716117,0.002176019,0.00286716,0.00287002,0.003285174,0.003291918,0.001743105,0.007163701,-0.001553374,-0.000858989,-0.000729173,-0.001033835,0.000238008,-0.059927576,,0.203593827,0.006081934,0.021128271,-0.009324602,-0.009787239,-0.009043132,-0.01053184,0.017549276,-0.010296435,-0.012987412,-0.006503407,-0.009712793,-0.006100917,-0.00429206,0.014980491,-0.005119569,-0.005572466,-0.006143128,-0.010015349,0.020322175,-0.001704816,-0.011577544,0.002151287,1,0.003154035,0.011722913,0.002735701,0.010601017,0.015825977,0.000904806,0.008592327,0.011179663,-0.006486168,0.014850585,-0.00240032,0.00182687,-0.001924068,0.001409157,-0.008038333,-0.000563363,0.006262044,-0.000623294,-0.004265714,0.511286855,0.025601693,0.037875147,-0.007076694,-0.006758474,-0.012289715,-0.003290693,0.000754673,0.021819245,0.002328894,-0.003318678,-0.004727824,0.00300498
mo_sin_old_il_acct,0.024862204,0.128315975,0.128315975,0.128326231,-0.064074431,0.104307273,0.114589731,0.038741664,0.079400323,0.018950315,0.006115266,-0.084959526,0.154499434,0.027319743,0.112653974,0.071009027,0.345180351,0.04552024,0.045532639,0.103650199,0.103665237,0.097544219,0.079180061,0.007870977,0.009560201,0.008997511,0.041957263,0.011087421,-0.010829289,,0.015119711,0.020946911,0.175710422,0.01293766,0.164200117,0.035676682,0.048044939,0.08065889,0.205499964,-0.012431652,-0.013971567,-0.027972131,0.126863751,0.060367197,0.106084568,0.005843057,0.117725955,0.019590145,0.001975105,0.116688112,0.031815883,0.062527541,0.011543397,0.003154035,1,0.215153913,0.033752679,0.01004549,0.186867625,0.055483499,0.01161448,-0.019661476,0.006087487,0.117041953,0.045494576,0.078254473,0.042539777,0.115405555,0.349819401,0.070669317,0.145920299,0.077246607,0.15332892,-0.002381681,0.015557752,0.051234252,0.010021276,-0.106895932,0.060431925,0.01857561,0.014047565,0.183697447,0.215202149,0.091613379,0.219222696,0.013852044
mo_sin_old_rev_tl_op,0.047339627,0.178003378,0.178003378,0.178012308,-0.133393086,0.153985731,0.147457627,0.041011874,0.082992724,0.001245123,-0.039811109,-0.132421624,0.145551062,0.035953376,0.243907961,0.028251659,0.28547993,0.047353559,0.047368919,0.15326741,0.153282602,0.153185012,0.090953087,0.006567753,0.003464914,0.004090833,0.056762237,-0.008126137,-0.011708877,,0.030812971,0.029641342,0.190433416,-0.015188767,-0.067122859,-0.005783205,-0.007429748,0.039392297,0.024176875,-0.095269247,-0.042839546,-0.067115881,0.245899409,-0.061674656,0.287958421,-0.043976114,0.0734846,-0.038190679,-0.052651025,0.135960208,0.178503817,0.012550614,0.03056357,0.011722913,0.215153913,1,0.084191052,0.039285177,0.293351984,0.134308197,0.015173683,0.004926932,0.001485624,0.072226108,0.125159208,0.16276221,0.159169594,0.309502111,-0.007891413,0.195440517,0.357023025,0.160363803,0.141809887,0.007757578,0.022813122,0.037809897,-0.026293201,-0.079333385,0.028556189,0.034270116,0.018351069,0.224138063,0.125839144,0.269187456,0.048489477,0.02691799
mo_sin_rcnt_rev_tl_op,0.011749458,0.056938497,0.056938497,0.056952795,-0.088236761,0.034394832,0.029455807,-0.004834245,0.031174715,-0.187856277,-0.069903967,0.043514055,-0.237270683,-0.063209448,0.01784066,0.177230679,-0.17595556,0.057681376,0.057689043,0.021603497,0.021607263,0.024440119,0.009869776,0.000537614,-0.025681371,-0.02565343,-0.01333146,-0.018020921,-0.076985992,,0.007552392,-0.012645004,0.034762123,-0.360192591,-0.008601685,-0.058397036,-0.065888182,0.05524064,-0.009941094,-0.067971272,-0.468857348,-0.465042732,0.109451826,0.100786235,-0.063963131,-0.070469781,-0.019873043,-0.172172863,-0.411230141,0.163813515,-0.072983815,0.125710719,0.000983609,0.002735701,0.033752679,0.084191052,1,0.597919872,0.02854975,0.622691431,-0.085876739,0.155722099,-0.05648098,-0.037902172,-0.165140342,-0.233983965,-0.201590955,-0.192320502,-0.022256098,-0.287213492,-0.248367271,-0.232058355,-0.236223728,-0.004402373,0.006417827,0.01749361,-0.410356714,-0.030630219,0.122806498,-0.08175902,-0.008247894,0.025324574,0.008664075,-0.032664692,0.007128944,0.046125874
mo_sin_rcnt_tl,0.023752621,0.027907111,0.027907111,0.027924018,-0.107688921,0.012761654,-0.040227057,-0.041405762,0.024440147,-0.230783708,-0.062317889,0.055712345,-0.235615876,-0.060681262,0.019079606,0.161079622,-0.218858113,0.044098002,0.04410043,0.002662484,0.002672028,0.008359858,-0.009294471,-0.010037515,-0.03138904,-0.030817246,-0.034980031,-0.013352532,-0.06915592,,0.011231548,-0.013679926,-0.079490463,-0.498070739,-0.105774988,-0.312432006,-0.289232533,0.329768442,-0.13199369,-0.221395091,-0.411210922,-0.36673894,0.081196203,0.015564104,-0.051819875,-0.170847236,-0.086708606,-0.267131654,-0.455737869,0.028520979,-0.063778665,0.127971375,-0.002696753,0.010601017,0.01004549,0.039285177,0.597919872,1,-0.062251686,0.36872029,-0.077273362,0.269989996,-0.061718166,-0.04117623,-0.096383229,-0.159087671,-0.136769295,-0.138545446,-0.131623258,-0.207795786,-0.18967938,-0.155632609,-0.234765408,0.0011362,0.009053141,0.01595413,-0.508306901,-0.024110762,0.120500733,-0.070590293,-0.015502532,-0.081671243,-0.094477723,-0.021077275,-0.118534498,0.046962136
mort_acc,0.074092128,0.232894549,0.232894549,0.232894165,-0.094195042,0.200044496,0.216813758,-0.007599275,0.071505617,0.044360757,-0.057001462,-0.117050578,0.13375957,-0.013951541,0.219597061,0.040331127,0.366570094,0.011302526,0.011331948,0.24026807,0.240281228,0.24097367,0.137535839,0.005728074,0.015295995,0.01388974,0.162572861,-0.008280377,-0.051810219,,0.021130584,-0.000157806,0.538283777,0.05554738,-0.001352391,0.080542681,0.105001508,-0.06130053,0.105306425,-0.042354495,-0.030445887,-0.048812878,0.234742726,-0.010589972,0.240759536,0.080047829,0.188602428,0.105424541,0.069335873,0.464384211,0.132043712,0.017019662,0.026590798,0.015825977,0.186867625,0.293351984,0.02854975,-0.062251686,1,0.057985174,-0.011256754,-0.059212217,-0.021561204,0.056220223,0.034160367,0.057619646,0.067512818,0.186546842,0.095405341,0.083807667,0.220311202,0.056484934,0.131648685,0.008119982,0.013689298,0.033178353,0.065300456,-0.032018083,0.018059236,-0.010186855,-0.010985407,0.546437985,0.165606203,0.211276126,0.125474085,0.028103203
mths_since_recent_bc,0.01787758,0.041880153,0.041880153,0.041901937,-0.074855924,0.02054055,0.026281837,0.005386665,0.051007014,-0.128294472,-0.072722564,0.016147611,-0.205199478,-0.046820366,0.026358287,0.14498201,-0.122799316,0.027901193,0.027917544,0.030697376,0.030706035,0.031357609,0.019617571,0.003188464,-0.014350158,-0.014697967,-0.00694199,-0.010725282,-0.086175383,,0.017988184,-0.008243499,0.056625859,-0.246454957,-0.009817886,-0.033548445,-0.043285006,0.050451058,-0.002103579,-0.052837064,-0.357073298,-0.390711942,0.093276513,0.091050177,-0.058199813,-0.056657213,0.016683368,-0.124801253,-0.337477957,0.169053196,-0.118778313,0.146771309,0.007413156,0.000904806,0.055483499,0.134308197,0.622691431,0.36872029,0.057985174,1,-0.082398432,0.09097755,-0.066240208,-0.017695977,-0.251520225,-0.208717485,-0.289974606,-0.229796519,-0.003690332,-0.251640252,-0.193282887,-0.206672256,-0.204633049,0.003836389,0.011651733,0.02526025,-0.305147473,-0.047282058,0.14684992,-0.068099902,-0.000265139,0.046420114,0.017714802,-0.091769976,0.011876862,0.037592878
mths_since_recent_bc_dlq,-0.000475316,-0.027746047,-0.027746047,-0.02771149,-0.027713297,-0.033533891,-0.057566197,0.018519733,-0.477685795,0.03327845,0.768032318,-0.127378757,-0.013188572,0.097177663,-0.031913827,-0.002230169,0.00758957,0.005939815,0.005924174,-0.03240502,-0.032373443,-0.030982536,-0.023706731,-0.029983,-0.000392164,0.001862248,-0.008846803,-0.021899286,0.5897633,,-0.109628978,0.086901225,-0.045195411,0.070549682,-0.015379166,0.057456217,0.072208471,-0.007229144,-0.001009249,0.084702242,0.093601479,0.137349964,-0.027528088,0.047528542,-0.043145601,0.047713564,-0.003404635,0.045789573,0.151484076,-0.033775224,-0.041060788,0.024369683,-0.053557866,0.008592327,0.01161448,0.015173683,-0.085876739,-0.077273362,-0.011256754,-0.082398432,1,-0.006860248,0.890915029,0.166569514,-0.017201839,0.01464698,-0.034589969,0.02042596,0.005370252,-0.002573382,0.009692154,0.014554125,-0.012375155,-0.005873299,-0.10088977,-0.169451563,0.109258824,0.071818428,0.019016205,0.095934621,0.018298914,-0.055311321,-0.019278308,-0.052869537,-0.032781948,0.003289974
mths_since_recent_inq,0.013499912,0.005763835,0.005763835,0.005774208,-0.133037409,-0.008575065,-0.047526498,0.009639521,-0.031359654,-0.562846799,0.001646074,0.058375853,-0.105284479,-0.050641232,0.009278899,0.097493968,-0.129273821,0.041208564,0.04121348,-0.015771327,-0.015766973,-0.008439646,-0.025419036,-0.011134107,-0.030536932,-0.029824835,-0.041187832,-0.013165305,0.019156528,,0.006273856,-0.020095309,-0.059122178,-0.31212858,-0.037637118,-0.20105856,-0.137445865,0.115893208,-0.072398384,-0.102370877,-0.232381168,-0.180940134,0.056149347,0.018105967,-0.02555863,-0.222917949,-0.048592921,-0.536628714,-0.217875331,-0.022092158,-0.02893787,0.089742429,-0.012264895,0.011179663,-0.019661476,0.004926932,0.155722099,0.269989996,-0.059212217,0.09097755,-0.006860248,1,-0.008968903,-0.048087226,-0.033856126,-0.068172375,-0.073490951,-0.082456537,-0.076517486,-0.097566513,-0.105488613,-0.059523994,-0.103548807,0.003564374,0.008542339,-0.023234274,-0.301918538,0.030521229,0.083188628,-0.061056935,-0.00907547,-0.059873291,-0.046780548,-0.003072359,-0.055840199,0.057960482
mths_since_recent_revol_delinq,-0.015151969,-0.010910231,-0.010910231,-0.010880907,-0.026862338,-0.021075307,-0.039092949,0.011692648,-0.52001516,0.030364747,0.867394276,-0.086762222,-0.047416878,0.089942301,-0.027767131,0.018295868,-0.014156481,0.030869115,0.030856303,-0.036454294,-0.036429588,-0.035345123,-0.02545459,-0.024738385,0.000531812,0.000343217,-0.005205598,-0.028139774,0.579793557,,-0.108424097,0.069851982,-0.045915899,0.061601765,-0.014698874,0.061412667,0.068164128,-0.012212744,0.009035598,0.067996247,0.066153674,0.101714292,-0.002077184,0.051726142,-0.043328081,0.036101264,-0.002913646,0.038224692,0.125592558,-0.023465463,-0.032529352,0.025834879,-0.066159495,-0.006486168,0.006087487,0.001485624,-0.05648098,-0.061718166,-0.021561204,-0.066240208,0.890915029,-0.008968903,1,0.142500875,-0.000289851,-0.01389477,-0.013548909,0.017887816,0.009291259,-0.041771795,-0.022249642,-0.014407675,-0.046863321,-0.018606785,-0.097649543,-0.167533872,0.095998784,0.095611802,0.016921509,0.098858099,0.010962514,-0.056020932,-0.010455671,-0.033407932,-0.019387869,0.002890146
num_accts_ever_120_pd,-0.015188238,-0.060583919,-0.060583919,-0.060586341,0.051265889,-0.048688132,0.006930795,-0.026628582,0.19768013,0.049059241,0.016650447,-0.169194655,0.025781265,0.01364849,-0.082697077,-0.017926631,0.147246053,-0.034666337,-0.034673877,-0.034615461,-0.034612873,-0.036045646,-0.017786223,0.000599663,0.007258276,0.005788764,-0.008878232,0.044219551,-0.073406172,,0.0157946,0.12434179,0.007725535,0.078320672,0.096393617,0.043410821,0.043530163,-0.003160042,0.076270115,0.103824575,0.084985406,0.085318221,-0.113722181,0.090340778,-0.108712057,0.072789849,0.005834019,0.082996871,0.084661519,0.012431604,-0.088299029,-0.012212882,0.118096414,0.014850585,0.117041953,0.072226108,-0.037902172,-0.04117623,0.056220223,-0.017695977,0.166569514,-0.048087226,0.142500875,1,-0.056731972,-0.023989293,-0.068944371,0.061081597,0.132325973,-0.018264062,0.078970736,-0.018893875,0.026012376,0.025256309,-0.005153542,0.286534734,0.088347714,-0.57619541,-0.013555323,-0.032298616,0.01347334,-0.00192934,0.018267492,-0.13315987,0.046993389,-0.011650374
num_actv_bc_tl,-0.004459137,0.190907095,0.190907095,0.190894233,0.027489194,0.196354868,0.125554409,0.100973305,-0.035457593,0.079936887,0.024842878,0.018807318,0.561817603,-0.031197833,0.332225861,0.108909355,0.312040029,0.07787038,0.077867263,0.140066332,0.140068803,0.123335929,0.133256925,0.002727133,0.018916563,0.01912113,0.035030432,-0.006525297,0.042276438,,-0.007860548,-0.016849414,0.105643548,0.118971249,0.005235589,-0.03336286,-0.015693433,0.012650326,0.035037887,-0.075215115,0.244040729,0.325461338,0.222038293,-0.017278799,0.393206654,-0.003178955,-0.067974336,0.051713319,0.229510831,-0.116516851,0.259499969,0.078784871,-0.015112529,-0.00240032,0.045494576,0.125159208,-0.165140342,-0.096383229,0.034160367,-0.251520225,-0.017201839,-0.033856126,-0.000289851,-0.056731972,1,0.822686867,0.836350958,0.600156322,-0.014802422,0.667927378,0.465543432,0.817663185,0.561053061,-0.009857729,-0.003960218,-0.027706907,0.164573726,0.128213475,0.038538251,-0.058190152,0.008646171,0.14068046,0.169157492,0.479275649,0.048334782,-0.024694603
num_actv_rev_tl,-0.004022126,0.148596124,0.148596124,0.148561897,0.087354396,0.156833589,0.094093647,0.147461197,0.002231099,0.13223049,0.006771513,0.02914656,0.674635102,0.002381004,0.329142379,0.111846274,0.418731081,0.044834976,0.044827611,0.126915491,0.126898617,0.101974315,0.149475637,0.0064787,0.029288127,0.029659539,0.025782042,0.005699684,0.028027095,,0.003880423,-0.006398131,0.105665393,0.190365257,0.013036946,-0.008239828,0.013503821,-0.002510958,0.044575798,-0.051920399,0.334197875,0.433414423,0.136399387,0.001817639,0.365670836,0.008842927,0.026163341,0.089730632,0.342229693,-0.148943682,0.125539118,0.126489872,-0.004096428,0.00182687,0.078254473,0.16276221,-0.233983965,-0.159087671,0.057619646,-0.208717485,0.01464698,-0.068172375,-0.01389477,-0.023989293,0.822686867,1,0.680435299,0.504856541,0.017828458,0.798018937,0.590444691,0.985623053,0.671829189,-0.005081921,0.005667964,-0.012180869,0.258978729,0.096814846,0.098548224,-0.010328986,0.00993199,0.134569558,0.169049205,0.305450806,0.047335871,-0.047043493
num_bc_sats,-0.013146134,0.21497543,0.21497543,0.214975605,-0.057060816,0.209199818,0.143712765,0.060856843,-0.031391872,0.127776608,0.017426283,-0.014231715,0.644460659,-0.039093497,0.295121454,-0.123478308,0.414185428,0.092750986,0.092753831,0.141157825,0.141168706,0.138232926,0.090748464,-0.004761637,0.012707422,0.012827353,0.065786357,0.001842342,0.024876874,,-0.006676313,-0.014906586,0.119854834,0.183931014,-0.00522984,0.006507972,0.019774451,-0.018674255,0.041879558,-0.069532786,0.312726311,0.404262026,0.205307497,-0.200710625,0.508620002,0.020526041,-0.041478409,0.101719149,0.312353298,-0.122745727,0.50108066,-0.172993859,-0.005739621,-0.001924068,0.042539777,0.159169594,-0.201590955,-0.136769295,0.067512818,-0.289974606,-0.034589969,-0.073490951,-0.013548909,-0.068944371,0.836350958,0.680435299,1,0.748530485,-0.001857669,0.768407506,0.597118178,0.666030685,0.641903575,-0.009444245,-0.003553828,-0.016314967,0.243409802,0.150202297,-0.156918141,-0.05449832,-0.002504019,0.180247314,0.157335416,0.61684208,0.058127009,-0.010584126
num_bc_tl,0.058848659,0.194992311,0.194992311,0.194981844,-0.083528528,0.186786297,0.144138203,0.042285386,0.032780922,0.144885603,-0.001619703,-0.185319873,0.54502037,-0.010451242,0.241909571,-0.130485247,0.627940119,-0.00574455,-0.005731194,0.199740667,0.199750323,0.20249567,0.103278882,-0.004374467,0.029737487,0.028372262,0.117328136,-0.011186889,0.006365188,,0.010155638,0.016522085,0.135973444,0.189156912,-0.013686006,0.031120485,0.049132749,-0.028354529,0.04922849,-0.063711703,0.294487009,0.375760882,0.186942797,-0.212986549,0.43636589,0.048214072,0.01602257,0.123504433,0.304065993,-0.057845201,0.436468871,-0.158507391,0.02788006,0.001409157,0.115405555,0.309502111,-0.192320502,-0.138545446,0.186546842,-0.229796519,0.02042596,-0.082456537,0.017887816,0.061081597,0.600156322,0.504856541,0.748530485,1,0.046300266,0.654727741,0.839212179,0.505931231,0.541592574,-0.001478921,0.007888524,0.018168325,0.240437462,0.058557879,-0.134024772,0.000909979,-0.010713499,0.189979026,0.137178322,0.510557536,0.057921231,-0.021500188
num_il_tl,-0.008653695,0.077060824,0.077060824,0.07705939,0.01208784,0.060726292,0.115977371,0.137876905,0.079579477,0.076107401,-0.004661624,-0.039703106,0.400715667,-0.012703152,0.031169377,0.020702684,0.687045893,0.024446146,0.024452084,0.058675127,0.058681096,0.052832184,0.050468811,0.02293727,0.014192567,0.013955701,0.060189015,0.014168384,-0.021877799,,0.00236494,0.006152354,0.220515839,0.138192988,0.655377721,0.34312284,0.464951498,-0.247480427,0.596342733,0.241785413,0.006710421,0.008438681,0.040011808,0.250714485,0.034561076,0.176618188,0.299778192,0.14333285,0.249257939,0.05938596,0.003778332,0.021734988,0.011372913,-0.008038333,0.349819401,-0.007891413,-0.022256098,-0.131623258,0.095405341,-0.003690332,0.005370252,-0.076517486,0.009291259,0.132325973,-0.014802422,0.017828458,-0.001857669,0.046300266,1,0.043887125,0.088059877,0.021259561,0.401611014,-0.00764866,0.006319906,0.065441503,0.184004205,0.002043491,0.020669553,-0.011220537,-0.008773792,0.209084704,0.523250237,0.012362617,0.593677106,-0.00922617
num_op_rev_tl,-0.01555845,0.16388785,0.16388785,0.163885372,-0.01271969,0.161591677,0.100056366,0.102141955,0.00582577,0.155498228,-0.012330483,0.03793125,0.838104922,0.003201264,0.252478134,-0.195877564,0.579023611,0.055814626,0.055818461,0.120457305,0.120464976,0.112397893,0.092445137,-0.005952305,0.02339869,0.023872067,0.057334586,0.005190254,0.039880708,,0.009778701,0.005888879,0.099468438,0.263787158,0.006173561,0.033482469,0.061846363,-0.037395863,0.050303639,-0.030373397,0.429662778,0.563910792,0.09921558,-0.229813159,0.4761132,0.060082668,0.064193299,0.152269784,0.466969632,-0.187877414,0.373518538,-0.146052773,0.002334632,-0.000563363,0.070669317,0.195440517,-0.287213492,-0.207795786,0.083807667,-0.251640252,-0.002573382,-0.097566513,-0.041771795,-0.018264062,0.667927378,0.798018937,0.768407506,0.654727741,0.043887125,1,0.79682715,0.802206438,0.837405294,-0.001303017,0.011000357,-0.021998695,0.351865141,0.139626433,-0.128275469,0.007559102,-8.14E-05,0.15842913,0.145950482,0.435695425,0.057100208,-0.028780961
num_rev_accts,0.037963122,0.163583938,0.163583938,0.163567635,-0.054052218,0.155483018,0.113177714,0.079663172,0.077985402,0.170206694,-0.03546691,-0.165823495,0.670893486,0.016777998,0.226789218,-0.168951016,0.765598934,-0.012364405,-0.012352418,0.172715852,0.172717532,0.171753981,0.098059067,-0.003931319,0.034353856,0.033694543,0.10622432,-0.000634839,-0.011770553,,0.021247808,0.024780373,0.137660563,0.241196452,-0.003532786,0.050539741,0.074966799,-0.043580426,0.057917031,-0.045097583,0.367230395,0.471000539,0.118316914,-0.216142168,0.415785237,0.060657668,0.125879004,0.155008096,0.401670672,-0.087959615,0.321219677,-0.124858777,0.039790704,0.006262044,0.145920299,0.357023025,-0.248367271,-0.18967938,0.220311202,-0.193282887,0.009692154,-0.105488613,-0.022249642,0.078970736,0.465543432,0.590444691,0.597118178,0.839212179,0.088059877,0.79682715,1,0.589940507,0.665922861,0.003844239,0.018007326,0.032178447,0.313959083,0.043211737,-0.101001516,0.044989783,-0.013138055,0.189405504,0.136258155,0.372808344,0.064751184,-0.030782867
num_rev_tl_bal_gt_0,-0.004710978,0.147976626,0.147976626,0.147945658,0.086234997,0.156153706,0.093426639,0.150057747,-0.001437663,0.115133272,0.005518785,0.036975819,0.67787514,-0.001024307,0.329086005,0.11698337,0.420686306,0.044470576,0.044465638,0.126923225,0.126909957,0.101584159,0.150613452,0.006376574,0.02993458,0.030322948,0.023475613,-0.000350504,0.039819236,,0.002989695,-0.005760993,0.105667572,0.18485109,0.01547816,-0.010182252,0.016674849,0.000444898,0.046033279,-0.051605484,0.324984026,0.426743035,0.133039192,0.010735415,0.365811065,0.01892771,0.033545278,0.08621383,0.337452198,-0.150440777,0.136872986,0.129718993,-0.005737145,-0.000623294,0.077246607,0.160363803,-0.232058355,-0.155632609,0.056484934,-0.206672256,0.014554125,-0.059523994,-0.014407675,-0.018893875,0.817663185,0.985623053,0.666030685,0.505931231,0.021259561,0.802206438,0.589940507,1,0.677059678,-0.004948039,0.006013419,-0.01847276,0.250053565,0.102724304,0.101768083,-0.016053131,0.01085136,0.134924678,0.172873786,0.306292881,0.049765664,-0.046824724
num_sats,-0.015916536,0.179738318,0.179738318,0.179742043,-0.012632584,0.171564689,0.157105027,0.16562663,0.042883703,0.148422228,-0.032763197,0.039495638,0.998974658,-0.02168836,0.247619612,-0.133717798,0.71914928,0.067849132,0.067854245,0.129026243,0.129042112,0.11900581,0.104089509,0.007682854,0.022431828,0.023163057,0.065725067,0.011899448,0.015745498,,0.004946361,0.003156107,0.254543754,0.269586523,0.523227225,0.182732948,0.252699029,-0.160087393,0.349811895,0.127947834,0.339904907,0.451593631,0.127503679,-0.00379205,0.427412829,0.108640059,0.118135548,0.173135941,0.488544346,-0.104081724,0.317468679,-0.096541553,0.001125996,-0.004265714,0.15332892,0.141809887,-0.236223728,-0.234765408,0.131648685,-0.204633049,-0.012375155,-0.103548807,-0.046863321,0.026012376,0.561053061,0.671829189,0.641903575,0.541592574,0.401611014,0.837405294,0.665922861,0.677059678,1,-0.006020825,0.007786095,0.009370822,0.365203417,0.115344476,-0.086488396,-0.028038489,-0.003370384,0.299288162,0.408504753,0.38706755,0.369133881,-0.023114459
num_tl_120dpd_2m,0.00838182,-0.007227134,-0.007227134,-0.007216931,0.009416517,-0.004949821,0.001286785,-0.005433968,0.034991558,0.005040494,-0.048074593,0.013569467,-0.003045631,-0.00344315,0.002802014,-0.011256252,-0.000136258,-0.006896635,-0.006894262,-0.000339579,-0.000330288,-0.001165829,0.002086047,-0.001238295,0.001599291,0.001816585,-0.003448367,-0.002707883,-0.088521235,,0.349715102,-0.002106207,0.006566817,-0.000796284,-0.007795535,-0.006303269,-0.000608845,0.003584206,-0.008034718,0.007935918,-0.004553767,-0.00618583,-0.013453865,-0.001091526,0.002382655,0.004724856,-0.005340367,-0.003783444,-0.005082125,0.00530694,-0.002539347,-0.010124095,0.029538849,0.511286855,-0.002381681,0.007757578,-0.004402373,0.0011362,0.008119982,0.003836389,-0.005873299,0.003564374,-0.018606785,0.025256309,-0.009857729,-0.005081921,-0.009444245,-0.001478921,-0.00764866,-0.001303017,0.003844239,-0.004948039,-0.006020825,1,0.012488075,0.060606658,-0.006594992,-0.010731356,-0.006465008,-0.001305209,-0.002646284,0.006947122,-0.003989439,-0.00758329,-0.006723006,-6.88E-05
num_tl_30dpd,0.003226268,0.000193826,0.000193826,0.000189962,0.0159699,0.002426898,0.006790808,0.004688887,0.088332406,-0.007963766,-0.109809166,0.004140723,0.015370736,-0.004433083,-0.002004723,-0.007604357,0.018705166,-0.021178561,-0.021175798,0.016037268,0.016043212,0.013932853,0.0133933,0.005365663,0.012426729,0.012093535,0.010097616,0.006765502,-0.026007922,,0.848045825,-0.001703342,0.013296043,-0.009532824,0.003488654,-0.007374728,-0.002549833,0.00460795,0.005180474,-0.009661766,-0.006925154,-0.004887351,0.004508321,-0.008101175,0.002872025,-0.0074267,0.002472607,-0.007936498,-0.003748694,0.005995441,0.003189546,-0.009325631,0.001693156,0.025601693,0.015557752,0.022813122,0.006417827,0.009053141,0.013689298,0.011651733,-0.10088977,0.008542339,-0.097649543,-0.005153542,-0.003960218,0.005667964,-0.003553828,0.007888524,0.006319906,0.011000357,0.018007326,0.006013419,0.007786095,0.012488075,1,0.004916412,-0.008329881,-0.030343087,-0.007722037,-0.014453947,0.008306062,0.016060122,0.006961333,-0.000746405,0.014530668,-0.007902752
num_tl_90g_dpd_24m,0.003361125,-0.026274912,-0.026274912,-0.026279503,0.031894581,-0.018568316,0.002133082,-0.012576485,0.653051904,0.02625493,-0.227045584,-0.077860771,0.011709217,-0.001696864,-0.034619714,0.001804201,0.068422898,-0.027466694,-0.027463264,-0.006509403,-0.006511845,-0.00860101,0.000448026,0.009733717,0.010009538,0.007581084,-0.005110574,0.095356598,-0.470268249,,0.045436801,-0.001644252,0.006600737,0.015523978,0.058335697,0.001208465,-0.013619115,0.008259693,0.028100099,0.025627293,0.001002512,-0.023004202,-0.044783921,0.033930902,-0.050594559,0.005553225,-0.002642989,0.018213215,-0.025902284,0.006835474,-0.045940127,0.001973345,0.187629626,0.037875147,0.051234252,0.037809897,0.01749361,0.01595413,0.033178353,0.02526025,-0.169451563,-0.023234274,-0.167533872,0.286534734,-0.027706907,-0.012180869,-0.016314967,0.018168325,0.065441503,-0.021998695,0.032178447,-0.01847276,0.009370822,0.060606658,0.004916412,1,0.003341303,-0.249566969,-0.000226128,-0.005911896,0.003418927,0.003298116,0.004783953,-0.059191798,0.022274568,-0.015327959
num_tl_op_past_12m,-0.05429755,-0.029974994,-0.029974994,-0.029997893,0.17737594,-0.005479928,0.059759684,0.035100079,-0.024059293,0.338935514,0.084138278,-0.077905053,0.366944932,0.08156486,-0.025434145,-0.214046499,0.336243543,-0.048285653,-0.048291684,-0.008462335,-0.008479924,-0.015146331,0.006876414,0.009805048,0.040359763,0.039299649,0.053674453,0.011641826,0.056753221,,-0.01153506,0.024608971,0.094933708,0.730123933,0.11873167,0.558702475,0.428100287,-0.245121042,0.153871405,0.235027999,0.842013254,0.661125045,-0.107997891,-0.039414536,0.088039958,0.249079324,0.128722686,0.464525826,0.764885109,-0.040266166,0.10961336,-0.1864197,0.007072517,-0.007076694,0.010021276,-0.026293201,-0.410356714,-0.508306901,0.065300456,-0.305147473,0.109258824,-0.301918538,0.095998784,0.088347714,0.164573726,0.258978729,0.243409802,0.240437462,0.184004205,0.351865141,0.313959083,0.250053565,0.365203417,-0.006594992,-0.008329881,0.003341303,1,0.006544104,-0.169210237,0.095263121,0.017777117,0.099345264,0.116033188,0.04908574,0.132291383,-0.069801643
pct_tl_nvr_dlq,0.003908389,0.092008949,0.092008949,0.092039716,-0.086538668,0.071724531,-0.001664585,0.061898457,-0.428092887,-0.026092597,0.186813006,0.224713507,0.113871019,-0.007840611,0.119659554,-0.046954848,0.023042708,0.04546959,0.045492373,0.05353148,0.053547372,0.059142875,0.014033049,-0.021381634,-0.000589259,0.00045601,0.03771796,-0.040719565,0.138023755,,-0.039325845,-0.065651133,0.009532011,-0.002597508,-0.007850548,0.021075978,0.04521104,-0.050777514,0.003543958,-0.037066228,-0.002361507,0.029728296,0.14125222,-0.095601779,0.19181459,-0.027795707,0.036942485,-0.036964472,0.049788461,-0.053102277,0.172865478,-0.046336888,-0.081793349,-0.006758474,-0.106895932,-0.079333385,-0.030630219,-0.024110762,-0.032018083,-0.047282058,0.071818428,0.030521229,0.095611802,-0.57619541,0.128213475,0.096814846,0.150202297,0.058557879,0.002043491,0.139626433,0.043211737,0.102724304,0.115344476,-0.010731356,-0.030343087,-0.249566969,0.006544104,1,-0.032387816,0.049889543,-0.027701313,0.024863134,0.061598622,0.221172181,0.017450093,0.00771101
percent_bc_gt_75,0.062165824,0.015843803,0.015843803,0.01580534,0.269173126,0.039000959,-0.012864904,0.101716621,0.013106872,-0.06440648,0.004321314,0.054554764,-0.085702087,-0.034228509,0.144274275,0.73713356,-0.054165423,-0.076480298,-0.076473073,0.105252805,0.1052244,0.066737462,0.177317386,0.03468586,0.041856854,0.038907029,0.012330465,-0.034036095,-0.003736907,,-0.012747776,-0.029862429,0.034202154,-0.152866395,0.036631891,-0.081970915,-0.064691925,0.061150616,0.015665649,-0.046223611,-0.158173918,-0.16280816,0.221664476,0.500030913,-0.156257788,-0.073007307,0.00117386,-0.111280999,-0.166390622,0.065032962,-0.429113909,0.84553587,-0.0055051,-0.012289715,0.060431925,0.028556189,0.122806498,0.120500733,0.018059236,0.14684992,0.019016205,0.083188628,0.016921509,-0.013555323,0.038538251,0.098548224,-0.156918141,-0.134024772,0.020669553,-0.128275469,-0.101001516,0.101768083,-0.086488396,-0.006465008,-0.007722037,-0.000226128,-0.169210237,-0.032387816,1,-0.037932414,-0.015688607,-0.012098227,0.069605577,-0.208808791,0.0119262,-0.058579127
pub_rec_bankruptcies,-0.00881477,-0.089957084,-0.089957084,-0.089957628,0.064499325,-0.079954896,-0.045837969,-0.017408793,-0.046654526,0.082875103,0.107949166,0.270760446,-0.021820808,0.633768048,-0.115540397,-0.075343312,0.020916281,-0.035962556,-0.035961473,-0.068813654,-0.068826113,-0.068466729,-0.04192658,-0.010341256,-0.001074025,-0.001825023,-0.012923479,-0.004242891,0.074417284,,-0.012406652,-0.004201138,-0.087627509,0.057427809,-0.026513338,0.04789232,0.059380192,-0.043534378,-0.017853282,0.032394426,0.086155468,0.108336147,-0.130103693,-0.01132252,-0.123969988,0.080580241,0.020089521,0.09682162,0.115217599,-0.074114603,-0.097965221,-0.027578373,-0.01226144,-0.003290693,0.01857561,0.034270116,-0.08175902,-0.070590293,-0.010186855,-0.068099902,0.095934621,-0.061056935,0.098858099,-0.032298616,-0.058190152,-0.010328986,-0.05449832,0.000909979,-0.011220537,0.007559102,0.044989783,-0.016053131,-0.028038489,-0.001305209,-0.014453947,-0.005911896,0.095263121,0.049889543,-0.037932414,1,0.03378309,-0.099762936,-0.072681047,-0.148445226,-0.033292451,-0.022529323
tax_liens,0.018854228,0.00495604,0.00495604,0.004919193,0.01196816,0.008360677,0.038348881,-0.020170684,0.009367251,0.018947957,0.005279636,-0.289194245,-0.003461854,0.730161278,-0.009838062,-0.00443552,-0.015201791,-0.026016919,-0.026013428,0.033585089,0.033551589,0.028227066,0.037109481,0.003002591,0.001156947,0.000802485,-0.004952777,0.008403685,0.011851544,,0.006546725,0.0145281,-0.002535782,0.018467405,-0.011054477,0.01554643,0.009941429,0.002655322,0.009623495,0.004558926,0.020195841,0.019829375,-0.017277238,0.008093149,-0.018033086,0.016279786,-0.003562356,0.021008195,0.014906867,-0.000348933,-0.021549487,-0.005339123,-0.001411666,0.000754673,0.014047565,0.018351069,-0.008247894,-0.015502532,-0.010985407,-0.000265139,0.018298914,-0.00907547,0.010962514,0.01347334,0.008646171,0.00993199,-0.002504019,-0.010713499,-0.008773792,-8.14E-05,-0.013138055,0.01085136,-0.003370384,-0.002646284,0.008306062,0.003418927,0.017777117,-0.027701313,-0.015688607,0.03378309,1,-0.001812044,0.005259163,-0.027145741,0.013529065,-0.00317372
tot_hi_cred_lim,0.015291999,0.344803206,0.344803206,0.344820482,-0.126835027,0.312354827,0.446814646,0.03316585,0.054259642,0.032434645,-0.077856323,0.01271555,0.298953023,-0.068708107,0.477573391,0.03342768,0.346273352,0.137607624,0.137630088,0.249767212,0.249797468,0.252819296,0.137297638,0.029328328,0.007904123,0.008291764,0.157315797,-0.007579413,-0.03635196,,0.01879992,-0.018670827,0.983774601,0.08832911,0.166191828,0.128822568,0.165822485,-0.119479164,0.384631057,-0.013415159,-0.009196395,-0.020812205,0.379536985,0.021043273,0.508402691,0.092414781,0.135570749,0.123931754,0.114037725,0.7957409,0.277717986,-0.011321053,-0.002364613,0.021819245,0.183697447,0.224138063,0.025324574,-0.081671243,0.546437985,0.046420114,-0.055311321,-0.059873291,-0.056020932,-0.00192934,0.14068046,0.134569558,0.180247314,0.189979026,0.209084704,0.15842913,0.189405504,0.134924678,0.299288162,0.006947122,0.016060122,0.003298116,0.099345264,0.024863134,-0.012098227,-0.099762936,-0.001812044,1,0.531538922,0.410788188,0.436245589,0.049488779
total_bal_ex_mort,-0.016539687,0.279103505,0.279103505,0.279116762,0.002911704,0.261522121,0.341817416,0.185793556,0.020521868,0.036123232,-0.014736413,-0.010394318,0.407891331,-0.048262066,0.511411837,0.137921152,0.442019293,0.131674632,0.13167965,0.188664653,0.188694631,0.173766605,0.154697079,0.037078184,0.02529907,0.025588435,0.099732197,-0.009203449,-1.66E-05,,0.004998043,-0.016673491,0.538160526,0.084248654,0.488421085,0.244013683,0.311350832,-0.205693751,0.899777807,0.230181751,-0.011674657,-0.008346141,0.361192961,0.299443329,0.434467362,0.114123311,0.130094242,0.114818361,0.153812719,0.298396602,0.121870185,0.096734413,-0.008432376,0.002328894,0.215202149,0.125839144,0.008664075,-0.094477723,0.165606203,0.017714802,-0.019278308,-0.046780548,-0.010455671,0.018267492,0.169157492,0.169049205,0.157335416,0.137178322,0.523250237,0.145950482,0.136258155,0.172873786,0.408504753,-0.003989439,0.006961333,0.004783953,0.116033188,0.061598622,0.069605577,-0.072681047,0.005259163,0.531538922,1,0.296415999,0.880801879,0.009068639
total_bc_limit,-0.015016222,0.37620381,0.37620381,0.376237172,-0.244576429,0.340674578,0.296015252,0.033502499,-0.081505726,0.000997863,0.010515651,0.02624578,0.385586905,-0.125574797,0.490673031,-0.177274183,0.296269702,0.206228634,0.206241882,0.215254469,0.215295882,0.229179475,0.085457819,-0.006816262,-0.008066093,-0.006823746,0.109567917,-0.026447508,0.034693138,,-0.004508516,-0.04287748,0.314613101,0.043819529,0.005149824,-0.014051881,-0.004950098,-0.002148297,0.094209779,-0.111029288,0.073648408,0.098312511,0.563296486,-0.275963477,0.810592216,-0.044233179,-0.008599068,-0.003453998,0.069725895,0.127015466,0.855268567,-0.250317962,-0.02337259,-0.003318678,0.091613379,0.269187456,-0.032664692,-0.021077275,0.211276126,-0.091769976,-0.052869537,-0.003072359,-0.033407932,-0.13315987,0.479275649,0.305450806,0.61684208,0.510557536,0.012362617,0.435695425,0.372808344,0.306292881,0.38706755,-0.00758329,-0.000746405,-0.059191798,0.04908574,0.221172181,-0.208808791,-0.148445226,-0.027145741,0.410788188,0.296415999,1,0.14140176,0.057201555
total_il_high_credit_limit,-0.026841335,0.209300034,0.209300034,0.20932066,-0.00256946,0.192063389,0.2907128,0.209105408,0.05193127,0.043153956,-0.030514304,-0.008518743,0.368447102,-0.014861187,0.154088624,0.043920049,0.429101605,0.121459407,0.121464736,0.120298009,0.120327733,0.108062487,0.106465687,0.028222213,0.020352663,0.020544716,0.070586515,0.006139341,-0.011768137,,0.011945242,0.000536074,0.432940925,0.097200154,0.563162659,0.285076931,0.37398338,-0.270026866,0.95142167,0.163940163,-0.022232077,-0.022733328,0.181474431,0.227055428,0.157766731,0.152423744,0.154102281,0.134213955,0.179170516,0.222464646,0.078603664,0.025891845,-0.001568969,-0.004727824,0.219222696,0.048489477,0.007128944,-0.118534498,0.125474085,0.011876862,-0.032781948,-0.055840199,-0.019387869,0.046993389,0.048334782,0.047335871,0.058127009,0.057921231,0.593677106,0.057100208,0.064751184,0.049765664,0.369133881,-0.006723006,0.014530668,0.022274568,0.132291383,0.017450093,0.0119262,-0.033292451,0.013529065,0.436245589,0.880801879,0.14140176,1,0.00935743
loan_status_dv,0.447919221,-0.0223949,-0.0223949,-0.02235913,-0.163078424,-0.029644979,0.02779526,-0.033017016,-0.021322199,-0.076076425,0.015536295,-0.005885159,-0.023312944,-0.018517363,0.015157126,-0.050095749,-0.022359323,0.172954292,0.17293517,0.102838191,0.102846488,0.170595803,-0.032706717,-0.093512786,-0.52124319,-0.501969306,0.139369023,-0.007619799,0.020029579,,-0.007381215,-0.004573746,0.041487553,-0.04893932,-0.006385115,-0.044046577,-0.04152953,0.021000467,-0.002699766,-0.034852455,-0.048165193,-0.064616514,0.02472038,-0.0550598,0.045788684,-0.021283818,-0.005087693,-0.053372743,-0.078827309,0.047220085,0.064064298,-0.05690374,-0.005684574,0.00300498,0.013852044,0.02691799,0.046125874,0.046962136,0.028103203,0.037592878,0.003289974,0.057960482,0.002890146,-0.011650374,-0.024694603,-0.047043493,-0.010584126,-0.021500188,-0.00922617,-0.028780961,-0.030782867,-0.046824724,-0.023114459,-6.88E-05,-0.007902752,-0.015327959,-0.069801643,0.00771101,-0.058579127,-0.022529323,-0.00317372,0.049488779,0.009068639,0.057201555,0.00935743,1
